Date,ASIAN.BK,CFRESH.BK,SSF.BK,TC.BK,TU.BK
2021-09-01,11.925797462463379,2.5199999809265137,6.195576190948486,4.77742338180542,15.50919246673584
2021-09-02,12.13502311706543,2.5199999809265137,6.270221710205078,4.6549248695373535,15.974471092224121
2021-09-03,11.995538711547852,2.4800000190734863,6.158253192901611,4.73659086227417,15.819377899169922
2021-09-06,11.995538711547852,2.559999942779541,6.195576190948486,4.6957573890686035,15.664286613464355
2021-09-07,12.13502311706543,2.4200000762939453,6.270221710205078,4.6957573890686035,15.586739540100098
2021-09-08,12.832437515258789,2.4000000953674316,6.232899188995361,4.818255424499512,16.594837188720703
2021-09-09,12.832437515258789,2.4200000762939453,6.270221710205078,4.89992094039917,16.74993133544922
2021-09-10,12.7626953125,2.4200000762939453,6.270221710205078,4.89992094039917,16.82747459411621
2021-09-13,13.04166316986084,2.440000057220459,6.232899188995361,4.859088897705078,16.672380447387695
2021-09-14,12.832437515258789,2.5,6.270221710205078,4.859088897705078,16.74993133544922
2021-09-15,12.7626953125,2.4200000762939453,6.270221710205078,4.89992094039917,16.74993133544922
2021-09-16,12.971921920776367,2.440000057220459,6.270221710205078,4.859088897705078,16.672380447387695
2021-09-17,12.971921920776367,2.380000114440918,6.232899188995361,4.859088897705078,16.9050235748291
2021-09-20,12.48372745513916,2.319999933242798,6.232899188995361,4.77742338180542,16.82747459411621
2021-09-21,12.553473472595215,2.440000057220459,6.270221710205078,4.818255424499512,17.2152042388916
2021-09-22,12.7626953125,2.700000047683716,6.232899188995361,4.818255424499512,16.982566833496094
2021-09-23,12.553473472595215,2.9800000190734863,6.232899188995361,4.859088897705078,16.9050235748291
2021-09-27,11.995538711547852,2.880000114440918,6.158253192901611,4.98158597946167,16.362199783325195
2021-09-28,12.274504661560059,3.5,6.158253192901611,5.104084491729736,16.43974494934082
2021-09-29,12.344246864318848,3.5999999046325684,6.158253192901611,5.063251495361328,16.594837188720703
2021-09-30,12.065279960632324,3.880000114440918,6.158253192901611,5.022419452667236,16.82747459411621
2021-10-01,11.995538711547852,3.8399999141693115,6.1209306716918945,5.144917011260986,16.74993133544922
2021-10-04,11.995538711547852,3.9600000381469727,6.1209306716918945,5.144917011260986,16.82747459411621
2021-10-05,11.716572761535645,3.9800000190734863,6.158253192901611,5.104084491729736,16.9050235748291
2021-10-06,11.856056213378906,4.079999923706055,6.158253192901611,4.98158597946167,16.594837188720703
2021-10-07,11.856056213378906,4.659999847412109,6.158253192901611,4.98158597946167,16.74993133544922
2021-10-08,11.925797462463379,4.099999904632568,6.158253192901611,5.063251495361328,16.12956428527832
2021-10-11,11.786314010620117,4.119999885559082,6.1209306716918945,5.022419452667236,15.974471092224121
2021-10-12,11.367865562438965,4.28000020980835,6.195576190948486,4.98158597946167,16.207107543945312
2021-10-14,11.856056213378906,3.940000057220459,6.1209306716918945,4.98158597946167,15.896924018859863
2021-10-15,11.228384017944336,3.799999952316284,6.158253192901611,4.98158597946167,15.896924018859863
2021-10-18,11.019158363342285,4.0,6.158253192901611,5.022419452667236,15.896924018859863
2021-10-19,11.228384017944336,3.9600000381469727,6.158253192901611,4.98158597946167,16.12956428527832
2021-10-20,11.088899612426758,3.819999933242798,6.158253192901611,5.022419452667236,16.207107543945312
2021-10-21,11.158639907836914,3.859999895095825,6.158253192901611,4.98158597946167,16.12956428527832
2021-10-25,11.019158363342285,3.9000000953674316,6.195576190948486,4.98158597946167,16.12956428527832
2021-10-26,11.088899612426758,4.179999828338623,6.195576190948486,4.98158597946167,16.12956428527832
2021-10-27,11.158639907836914,4.0,6.195576190948486,4.98158597946167,16.052017211914062
2021-10-28,11.158639907836914,3.9000000953674316,6.195576190948486,4.89992094039917,16.362199783325195
2021-10-29,11.019158363342285,3.819999933242798,6.232899188995361,4.859088897705078,16.207107543945312
2021-11-01,11.088899612426758,3.880000114440918,6.232899188995361,4.6957573890686035,16.052017211914062
2021-11-02,10.87967586517334,3.8399999141693115,6.008963108062744,4.73659086227417,15.819377899169922
2021-11-03,10.87967586517334,3.5399999618530273,6.008963108062744,4.6957573890686035,15.741832733154297
2021-11-04,10.949416160583496,3.5999999046325684,6.046285629272461,4.6549248695373535,16.12956428527832
2021-11-05,10.949416160583496,3.5999999046325684,6.1209306716918945,4.6957573890686035,15.974471092224121
2021-11-08,10.809932708740234,3.700000047683716,6.1209306716918945,4.614092826843262,15.896924018859863
2021-11-09,11.298124313354492,3.9200000762939453,6.1209306716918945,4.6549248695373535,15.741832733154297
2021-11-10,11.5770902633667,3.940000057220459,6.1209306716918945,4.6549248695373535,15.586739540100098
2021-11-11,11.50734806060791,3.880000114440918,6.232899188995361,4.6957573890686035,15.664286613464355
2021-11-12,11.367865562438965,4.099999904632568,6.307544708251953,4.6549248695373535,15.741832733154297
2021-11-15,11.158639907836914,3.859999895095825,6.307544708251953,4.328263759613037,15.664286613464355
2021-11-16,11.088899612426758,3.700000047683716,6.344867706298828,4.409929275512695,15.741832733154297
2021-11-17,11.228384017944336,3.740000009536743,6.270221710205078,4.450761795043945,15.664286613464355
2021-11-18,11.228384017944336,3.7799999713897705,6.270221710205078,4.73659086227417,15.50919246673584
2021-11-19,11.298124313354492,3.7200000286102295,6.270221710205078,4.6957573890686035,15.50919246673584
2021-11-22,11.646831512451172,3.700000047683716,6.195576190948486,4.6549248695373535,15.586739540100098
2021-11-23,12.065279960632324,3.7799999713897705,6.232899188995361,4.6957573890686035,15.043916702270508
2021-11-24,11.856056213378906,3.9000000953674316,6.307544708251953,4.77742338180542,15.19901180267334
2021-11-25,12.20476245880127,3.940000057220459,6.270221710205078,4.77742338180542,15.19901180267334
2021-11-26,11.856056213378906,3.9000000953674316,6.232899188995361,4.6957573890686035,14.966373443603516
2021-11-29,11.5770902633667,3.799999952316284,6.270221710205078,4.6549248695373535,15.354100227355957
2021-11-30,11.367865562438965,3.619999885559082,6.232899188995361,4.5732598304748535,15.276556968688965
2021-12-01,11.367865562438965,3.740000009536743,6.195576190948486,4.614092826843262,15.276556968688965
2021-12-02,11.019158363342285,3.680000066757202,6.195576190948486,4.6549248695373535,15.354100227355957
2021-12-03,11.088899612426758,3.680000066757202,6.232899188995361,4.6957573890686035,15.586739540100098
2021-12-07,11.367865562438965,3.740000009536743,6.195576190948486,4.73659086227417,15.741832733154297
2021-12-08,11.367865562438965,3.7200000286102295,6.195576190948486,4.818255424499512,15.741832733154297
2021-12-09,11.925797462463379,3.940000057220459,6.158253192901611,4.73659086227417,15.586739540100098
2021-12-13,11.786314010620117,3.9200000762939453,6.195576190948486,4.818255424499512,15.586739540100098
2021-12-14,11.786314010620117,4.039999961853027,6.195576190948486,4.77742338180542,15.354100227355957
2021-12-15,11.646831512451172,4.159999847412109,6.232899188995361,4.77742338180542,15.19901180267334
2021-12-16,11.856056213378906,3.9200000762939453,6.270221710205078,4.77742338180542,15.354100227355957
2021-12-17,11.786314010620117,4.039999961853027,6.270221710205078,4.77742338180542,15.276556968688965
2021-12-20,11.646831512451172,4.019999980926514,6.270221710205078,4.6957573890686035,15.043916702270508
2021-12-21,11.856056213378906,3.9800000190734863,6.195576190948486,4.77742338180542,15.043916702270508
2021-12-22,12.413987159729004,3.9600000381469727,6.232899188995361,4.73659086227417,15.12146282196045
2021-12-23,12.553473472595215,3.9600000381469727,6.232899188995361,4.859088897705078,15.043916702270508
2021-12-24,12.553473472595215,3.940000057220459,6.307544708251953,4.940753936767578,15.12146282196045
2021-12-27,12.7626953125,3.940000057220459,6.382190227508545,5.104084491729736,14.966373443603516
2021-12-28,12.344246864318848,3.8399999141693115,6.270221710205078,4.98158597946167,14.966373443603516
2021-12-29,12.553473472595215,3.859999895095825,6.307544708251953,4.98158597946167,15.19901180267334
2021-12-30,12.48372745513916,3.940000057220459,6.4941582679748535,4.940753936767578,15.12146282196045
2022-01-04,12.623211860656738,4.019999980926514,6.4568352699279785,5.104084491729736,15.354100227355957
2022-01-05,12.48372745513916,4.0,6.4941582679748535,5.104084491729736,15.586739540100098
2022-01-06,12.413987159729004,4.019999980926514,6.643448829650879,5.144917011260986,15.896924018859863
2022-01-07,12.623211860656738,3.9800000190734863,6.718094825744629,5.2265825271606445,15.896924018859863
2022-01-10,13.04166316986084,3.940000057220459,6.643448829650879,5.553244590759277,16.052017211914062
2022-01-11,12.971921920776367,3.940000057220459,6.755417346954346,5.471578598022461,16.052017211914062
2022-01-12,13.18114185333252,3.940000057220459,6.643448829650879,5.471578598022461,16.052017211914062
2022-01-13,13.04166316986084,3.940000057220459,6.6061272621154785,5.471578598022461,15.741832733154297
2022-01-14,12.971921920776367,3.9000000953674316,6.680771827697754,5.308248043060303,15.664286613464355
2022-01-17,13.250887870788574,3.859999895095825,6.643448829650879,6.084068298339844,15.741832733154297
2022-01-18,12.48372745513916,3.799999952316284,6.718094825744629,6.20656681060791,15.276556968688965
2022-01-19,12.13502311706543,3.819999933242798,6.867385387420654,5.8799052238464355,15.12146282196045
2022-01-20,11.5770902633667,3.7200000286102295,6.904709339141846,5.757407188415527,15.043916702270508
2022-01-21,12.065279960632324,3.6600000858306885,6.867385387420654,5.798239707946777,15.19901180267334
2022-01-24,11.786314010620117,3.559999942779541,6.867385387420654,5.9207377433776855,15.664286613464355
2022-01-25,11.716572761535645,3.4600000381469727,6.867385387420654,6.410730361938477,15.819377899169922
2022-01-26,11.50734806060791,3.4200000762939453,6.680771827697754,6.28823184967041,15.819377899169922
2022-01-27,11.298124313354492,3.3399999141693115,6.643448829650879,6.410730361938477,15.974471092224121
2022-01-28,11.5770902633667,3.359999895095825,6.867385387420654,6.410730361938477,16.362199783325195
2022-01-31,11.50734806060791,3.4600000381469727,6.9420318603515625,6.492395877838135,16.207107543945312
2022-02-01,11.716572761535645,3.559999942779541,6.9420318603515625,6.574060916900635,16.052017211914062
2022-02-02,11.856056213378906,3.5999999046325684,7.016677379608154,6.451562404632568,15.896924018859863
2022-02-03,12.13502311706543,3.5399999618530273,6.9420318603515625,6.369897842407227,16.284650802612305
2022-02-04,12.065279960632324,3.5199999809265137,6.830062389373779,6.655725955963135,16.284650802612305
2022-02-07,11.856056213378906,3.4600000381469727,6.830062389373779,6.737391948699951,16.43974494934082
2022-02-08,11.856056213378906,3.440000057220459,6.643448829650879,6.819057464599609,16.594837188720703
2022-02-09,11.646831512451172,3.380000114440918,6.867385387420654,6.533228397369385,16.594837188720703
2022-02-10,11.437606811523438,3.4000000953674316,6.9420318603515625,6.492395877838135,16.43974494934082
2022-02-11,11.367865562438965,3.3399999141693115,7.016677379608154,6.941554546356201,16.284650802612305
2022-02-14,11.158639907836914,3.299999952316284,7.016677379608154,7.349881649017334,16.284650802612305
2022-02-15,11.158639907836914,3.2799999713897705,7.016677379608154,7.349881649017334,16.284650802612305
2022-02-17,11.228384017944336,3.319999933242798,7.091322422027588,7.472379207611084,16.362199783325195
2022-02-18,11.228384017944336,3.2799999713897705,7.091322422027588,7.635710716247559,16.362199783325195
2022-02-21,11.50734806060791,3.180000066757202,7.091322422027588,7.799040794372559,16.207107543945312
2022-02-22,11.228384017944336,3.180000066757202,7.091322422027588,7.635710716247559,16.052017211914062
2022-02-23,11.367865562438965,3.2200000286102295,7.091322422027588,7.268216133117676,16.207107543945312
2022-02-24,10.87967586517334,3.0999999046325684,6.9420318603515625,7.145718097686768,15.586739540100098
2022-02-25,10.949416160583496,3.119999885559082,7.128645420074463,7.227384090423584,15.741832733154297
2022-02-28,10.809932708740234,3.200000047683716,7.091322422027588,7.431547164916992,15.819377899169922
2022-03-01,11.019158363342285,3.240000009536743,7.2032904624938965,7.472379207611084,15.664286613464355
2022-03-02,10.87967586517334,3.2200000286102295,7.2032904624938965,7.268216133117676,15.586739540100098
2022-03-03,10.949416160583496,3.259999990463257,7.091322422027588,7.186551570892334,15.431647300720215
2022-03-04,10.87967586517334,3.1600000858306885,7.2032904624938965,7.064052581787109,15.276556968688965
2022-03-07,10.252001762390137,2.9600000381469727,6.755417346954346,6.900722503662109,14.966373443603516
2022-03-08,10.182259559631348,2.859999895095825,6.718094825744629,6.737391948699951,14.733733177185059
2022-03-09,10.461225509643555,2.9800000190734863,7.091322422027588,6.982388019561768,14.733735084533691
2022-03-10,10.530967712402344,3.0399999618530273,7.2779364585876465,7.023220539093018,14.813377380371094
2022-03-11,10.670450210571289,3.0199999809265137,7.539195537567139,6.696558475494385,14.733735084533691
2022-03-14,10.740192413330078,3.2200000286102295,7.539195537567139,6.696558475494385,15.052301406860352
2022-03-15,10.530967712402344,3.0399999618530273,7.427227020263672,6.574060916900635,14.813377380371094
2022-03-16,10.740192413330078,3.0799999237060547,7.464549541473389,6.737391948699951,15.131942749023438
2022-03-17,10.670450210571289,3.0999999046325684,7.427227020263672,6.737391948699951,15.131942749023438
2022-03-18,10.949416160583496,3.0999999046325684,7.464549541473389,6.737391948699951,14.972661018371582
2022-03-21,10.740192413330078,3.0999999046325684,7.464549541473389,6.696558475494385,14.972661018371582
2022-03-22,10.949416160583496,3.0999999046325684,7.464549541473389,6.737391948699951,14.972661018371582
2022-03-23,10.87967586517334,3.0399999618530273,7.539195537567139,6.737391948699951,15.131942749023438
2022-03-24,10.740192413330078,3.0399999618530273,7.613840579986572,6.655725955963135,15.052301406860352
2022-03-25,10.740192413330078,3.0,7.427227020263672,6.778224468231201,14.972661018371582
2022-03-28,10.670450210571289,3.0399999618530273,7.464549541473389,7.145718097686768,15.370870590209961
2022-03-29,10.809932708740234,3.180000066757202,7.464549541473389,6.982388019561768,15.131942749023438
2022-03-30,10.87967586517334,3.119999885559082,7.539195537567139,7.023220539093018,15.131942749023438
2022-03-31,10.809932708740234,3.0799999237060547,7.613840579986572,6.982388019561768,15.052301406860352
2022-04-01,10.740192413330078,3.140000104904175,7.464549541473389,6.982388019561768,15.131942749023438
2022-04-04,10.809932708740234,3.140000104904175,7.613840579986572,6.737391948699951,14.654092788696289
2022-04-05,10.809932708740234,3.0399999618530273,7.613840579986572,6.655725955963135,14.574448585510254
2022-04-07,10.32174301147461,3.0,7.9870686531066895,6.533228397369385,13.61874771118164
2022-04-08,10.32174301147461,3.0799999237060547,7.837777614593506,6.492395877838135,13.698391914367676
2022-04-11,10.32174301147461,3.0,7.763131618499756,5.961570739746094,13.61874771118164
2022-04-12,10.32174301147461,2.9600000381469727,7.613840579986572,5.9207377433776855,13.300183296203613
2022-04-18,10.391484260559082,2.9600000381469727,7.464549541473389,5.9207377433776855,13.300183296203613
2022-04-19,10.600709915161133,2.9800000190734863,7.613840579986572,6.12490177154541,13.300183296203613
2022-04-20,10.600709915161133,3.0799999237060547,7.688485622406006,6.084068298339844,13.379822731018066
2022-04-21,10.87967586517334,3.180000066757202,7.688485622406006,6.002403259277344,13.379822731018066
2022-04-22,11.437606811523438,3.700000047683716,7.688485622406006,6.410730361938477,13.539108276367188
2022-04-25,11.646831512451172,3.8399999141693115,7.464549541473389,6.28823184967041,13.459465980529785
2022-04-26,11.5770902633667,3.740000009536743,7.464549541473389,6.084068298339844,13.379822731018066
2022-04-27,11.786314010620117,4.0,7.464549541473389,6.16573429107666,13.379822731018066
2022-04-28,11.716572761535645,4.0,7.2779364585876465,6.20656681060791,13.459465980529785
2022-04-29,11.859457015991211,3.799999952316284,7.464549541473389,6.12490177154541,13.459465980529785
2022-05-03,11.573689460754395,3.4000000953674316,7.464549541473389,6.002403259277344,13.459465980529785
2022-05-05,11.573689460754395,3.380000114440918,7.389904022216797,5.961570739746094,13.140898704528809
2022-05-06,11.930900573730469,3.5799999237060547,6.853079795837402,5.961570739746094,13.061256408691406
2022-05-09,11.502245903015137,3.4800000190734863,7.010621547698975,6.003259658813477,13.220541000366211
2022-05-10,11.859457015991211,3.759999990463257,7.050007343292236,6.170017242431641,13.539108276367188
2022-05-11,11.716572761535645,3.819999933242798,7.010621547698975,6.253396034240723,13.379822731018066
2022-05-12,11.573689460754395,3.799999952316284,7.089393138885498,6.170017242431641,13.061256408691406
2022-05-13,12.3595552444458,3.859999895095825,7.089393138885498,6.044949054718018,13.300183296203613
2022-05-17,12.3595552444458,3.819999933242798,7.128778457641602,5.502987861633301,13.061256408691406
2022-05-18,12.21667194366455,3.7799999713897705,7.24693489074707,5.502987861633301,13.300183296203613
2022-05-19,11.788016319274902,3.5799999237060547,7.168164253234863,5.377920150756836,13.140898704528809
2022-05-20,11.573689460754395,3.4600000381469727,7.483248233795166,5.377920150756836,13.220541000366211
2022-05-23,11.716572761535645,3.5399999618530273,7.4438629150390625,5.502987861633301,13.220541000366211
2022-05-24,11.645130157470703,3.640000104904175,7.522634029388428,5.461299419403076,13.061256408691406
2022-05-25,11.573689460754395,3.619999885559082,7.483248233795166,5.461299419403076,13.220541000366211
2022-05-26,11.930900573730469,3.819999933242798,7.5620198249816895,5.502987861633301,13.379822731018066
2022-05-27,11.859457015991211,3.740000009536743,7.3650922775268555,5.669745922088623,13.539108276367188
2022-05-30,11.788016319274902,3.859999895095825,7.483248233795166,5.836503028869629,13.778032302856445
2022-05-31,11.716572761535645,3.759999990463257,7.5620198249816895,5.836503028869629,13.698391914367676
2022-06-01,11.930900573730469,3.799999952316284,7.64078950881958,6.003259658813477,13.778032302856445
2022-06-02,11.930900573730469,4.079999923706055,7.64078950881958,6.170017242431641,13.937317848205566
2022-06-06,12.00234317779541,4.179999828338623,7.71956205368042,6.3784637451171875,13.85767650604248
2022-06-07,11.788016319274902,4.0,7.758947372436523,6.253396034240723,13.698391914367676
2022-06-08,11.716572761535645,4.099999904632568,7.8377180099487305,6.086638450622559,13.778032302856445
2022-06-09,11.859457015991211,4.079999923706055,7.64078950881958,6.086638450622559,13.85767650604248
2022-06-10,11.716572761535645,3.859999895095825,7.758947372436523,6.003259658813477,13.61874771118164
2022-06-13,11.788016319274902,3.700000047683716,7.680176258087158,5.836503028869629,13.539108276367188
2022-06-14,12.3595552444458,3.859999895095825,7.71956205368042,6.003259658813477,13.85767650604248
2022-06-15,12.288114547729492,3.940000057220459,7.798332214355469,6.253396034240723,14.176241874694824
2022-06-16,11.930900573730469,3.759999990463257,7.758947372436523,5.961571216583252,13.85767650604248
2022-06-17,12.288114547729492,3.940000057220459,7.758947372436523,5.878191947937012,14.016958236694336
2022-06-20,12.145228385925293,4.019999980926514,7.601404666900635,5.9198808670043945,13.85767650604248
2022-06-21,12.288114547729492,3.9800000190734863,7.758947372436523,5.9198808670043945,13.85767650604248
2022-06-22,13.216864585876465,4.260000228881836,7.758947372436523,6.044949054718018,13.85767650604248
2022-06-23,13.073981285095215,4.21999979019165,7.168164253234863,6.211706161499023,13.937317848205566
2022-06-24,12.85965347290039,4.039999961853027,7.758947372436523,6.003259658813477,13.937317848205566
2022-06-27,12.716769218444824,3.9600000381469727,7.522634029388428,6.003259658813477,13.937317848205566
2022-06-28,12.430998802185059,3.940000057220459,7.601404666900635,6.003259658813477,13.937317848205566
2022-06-29,12.21667194366455,3.9800000190734863,7.601404666900635,5.9198808670043945,13.778032302856445
2022-06-30,12.3595552444458,4.019999980926514,7.601404666900635,5.961571216583252,13.61874771118164
2022-07-01,12.573882102966309,4.139999866485596,7.64078950881958,6.044949054718018,13.220541000366211
2022-07-04,12.288114547729492,4.0,7.758947372436523,5.878191947937012,12.344480514526367
2022-07-05,11.645130157470703,3.559999942779541,7.5620198249816895,5.502987861633301,12.10555648803711
2022-07-06,11.716572761535645,3.5799999237060547,7.5620198249816895,5.586366653442383,12.344480514526367
2022-07-07,12.00234317779541,3.680000066757202,7.71956205368042,5.836503028869629,12.742690086364746
2022-07-08,11.859457015991211,3.5799999237060547,7.758947372436523,5.711434841156006,12.583405494689941
2022-07-11,11.788016319274902,3.559999942779541,7.5620198249816895,5.753123760223389,12.663047790527344
2022-07-12,11.788016319274902,3.559999942779541,7.71956205368042,5.753123760223389,12.742690086364746
2022-07-14,11.430804252624512,3.380000114440918,7.601404666900635,5.753123760223389,12.42412281036377
2022-07-15,11.430804252624512,3.299999952316284,7.325706481933594,5.711434841156006,12.583405494689941
2022-07-18,11.573689460754395,3.319999933242798,7.24693489074707,5.753123760223389,12.663047790527344
2022-07-19,11.073591232299805,3.200000047683716,7.286321640014648,5.836503028869629,12.663047790527344
2022-07-20,11.002147674560547,3.259999990463257,7.5620198249816895,5.878191947937012,12.583405494689941
2022-07-21,11.145033836364746,3.319999933242798,7.5620198249816895,5.836503028869629,12.583405494689941
2022-07-22,11.216474533081055,3.2799999713897705,7.483248233795166,5.878191947937012,12.663047790527344
2022-07-25,11.216474533081055,3.3399999141693115,7.404477596282959,5.836503028869629,12.822331428527832
2022-07-26,11.145033836364746,3.259999990463257,7.325706481933594,5.878191947937012,12.822331428527832
2022-07-27,11.430804252624512,3.3399999141693115,7.3650922775268555,5.9198808670043945,12.981614112854004
2022-08-01,11.359359741210938,3.259999990463257,7.404477596282959,5.9198808670043945,12.981614112854004
2022-08-02,11.788016319274902,3.359999895095825,7.3650922775268555,5.9198808670043945,13.061256408691406
2022-08-03,11.859457015991211,3.5,7.3650922775268555,5.9198808670043945,13.061256408691406
2022-08-04,11.716572761535645,3.4600000381469727,7.286321640014648,5.9198808670043945,13.140898704528809
2022-08-05,11.859457015991211,3.4600000381469727,7.207549095153809,5.9198808670043945,13.220541000366211
2022-08-08,11.859457015991211,3.319999933242798,7.24693489074707,5.961571216583252,13.220541000366211
2022-08-09,12.00234317779541,3.359999895095825,7.24693489074707,6.003259658813477,13.539108276367188
2022-08-10,12.073784828186035,3.319999933242798,7.207549095153809,5.961571216583252,13.698391914367676
2022-08-11,11.859457015991211,3.319999933242798,7.207549095153809,7.003803253173828,13.85767650604248
2022-08-15,11.859457015991211,3.2799999713897705,7.207549095153809,7.295628070831299,13.698391914367676
2022-08-16,12.073784828186035,3.2799999713897705,7.168164253234863,7.420696258544922,13.698391914367676
2022-08-17,12.073784828186035,3.359999895095825,7.089393138885498,8.296171188354492,14.176241874694824
2022-08-18,12.073784828186035,3.359999895095825,7.128778457641602,9.004890441894531,14.335524559020996
2022-08-19,12.1825590133667,3.299999952316284,7.089393138885498,9.004890441894531,14.25588321685791
2022-08-22,11.96501350402832,3.3399999141693115,7.089393138885498,8.337861061096191,14.174419403076172
2022-08-23,12.110044479370117,3.359999895095825,7.24693489074707,7.879278659820557,14.092958450317383
2022-08-24,12.545134544372559,3.359999895095825,7.050007343292236,7.837588787078857,14.174419403076172
2022-08-25,12.690166473388672,3.4000000953674316,7.010621547698975,8.296171188354492,14.174419403076172
2022-08-26,12.617650985717773,3.359999895095825,7.010621547698975,8.296171188354492,14.092958450317383
2022-08-29,12.762680053710938,3.3399999141693115,6.853079795837402,8.671375274658203,14.01149845123291
2022-08-30,13.052742004394531,3.4200000762939453,6.853079795837402,9.755297660827637,14.25588321685791
2022-08-31,12.907711029052734,3.319999933242798,6.853079795837402,9.671919822692871,14.25588321685791
2022-09-01,13.052742004394531,3.299999952316284,6.69553804397583,9.171647071838379,14.174419403076172
2022-09-02,13.12525749206543,3.299999952316284,6.7743096351623535,9.50516128540039,14.174419403076172
2022-09-05,12.907711029052734,3.4000000953674316,6.813694000244141,9.838675498962402,14.01149845123291
2022-09-06,13.56035041809082,3.359999895095825,6.69553804397583,9.755297660827637,13.930036544799805
2022-09-07,13.487833976745605,3.5799999237060547,6.616766929626465,9.671919822692871,13.848572731018066
2022-09-08,13.77789306640625,3.4800000190734863,6.616766929626465,9.9220552444458,13.930036544799805
2022-09-09,13.705377578735352,3.4600000381469727,6.656152248382568,11.256112098693848,13.848572731018066
2022-09-12,13.77789306640625,3.4800000190734863,6.853079795837402,11.339491844177246,14.092958450317383
2022-09-13,13.705377578735352,3.5199999809265137,6.69553804397583,11.422869682312012,13.930036544799805
2022-09-14,13.77789306640625,3.5,6.69553804397583,11.923142433166504,13.848572731018066
2022-09-15,13.922926902770996,3.4800000190734863,6.734923362731934,11.506247520446777,13.685647964477539
2022-09-16,13.342803001403809,3.619999885559082,6.734923362731934,11.005975723266602,13.522724151611328
2022-09-19,12.835196495056152,3.4800000190734863,6.419838905334473,11.089356422424316,13.60418701171875
2022-09-20,13.197772979736328,3.380000114440918,6.5379958152771,11.339491844177246,14.25588321685791
2022-09-21,13.052742004394531,3.380000114440918,6.616766929626465,11.256112098693848,14.174419403076172
2022-09-22,13.705377578735352,3.4800000190734863,6.5379958152771,11.839761734008789,14.25588321685791
2022-09-23,13.77789306640625,3.5,6.5379958152771,11.172733306884766,14.174419403076172
2022-09-26,13.705377578735352,3.4200000762939453,6.419838905334473,10.83922004699707,14.01149845123291
2022-09-27,12.835196495056152,3.3399999141693115,6.459224700927734,10.172189712524414,14.25588321685791
2022-09-28,13.41531753540039,3.2799999713897705,6.498610019683838,10.922598838806152,15.233431816101074
2022-09-29,13.052742004394531,3.200000047683716,6.459224700927734,10.255569458007812,15.07050609588623
2022-09-30,13.342803001403809,3.2799999713897705,6.498610019683838,10.589083671569824,15.233431816101074
2022-10-03,13.12525749206543,3.200000047683716,6.5379958152771,9.755297660827637,14.826119422912598
2022-10-04,13.12525749206543,3.2200000286102295,6.5379958152771,10.005433082580566,14.90758228302002
2022-10-05,12.980225563049316,3.200000047683716,6.5379958152771,9.838675498962402,14.90758228302002
2022-10-06,13.197772979736328,3.2200000286102295,6.5379958152771,10.005433082580566,14.989043235778809
2022-10-07,13.052742004394531,3.200000047683716,6.498610019683838,9.9220552444458,14.989043235778809
2022-10-10,13.197772979736328,3.2200000286102295,6.459224700927734,10.755840301513672,14.989043235778809
2022-10-11,12.545134544372559,3.200000047683716,6.459224700927734,10.42232608795166,14.989043235778809
2022-10-12,12.545134544372559,3.059999942779541,6.459224700927734,10.505704879760742,14.90758228302002
2022-10-17,12.400105476379395,3.0999999046325684,6.5379958152771,10.589083671569824,15.233431816101074
2022-10-18,12.545134544372559,3.1600000858306885,6.380454063415527,11.089356422424316,15.07050609588623
2022-10-19,12.835196495056152,3.180000066757202,6.5379958152771,10.922598838806152,15.151968955993652
2022-10-20,12.835196495056152,3.140000104904175,6.5379958152771,11.089356422424316,15.47781753540039
2022-10-21,12.617650985717773,3.0999999046325684,6.498610019683838,11.089356422424316,15.233431816101074
2022-10-25,12.617650985717773,3.059999942779541,6.459224700927734,10.83922004699707,15.396352767944336
2022-10-26,12.617650985717773,3.0399999618530273,6.498610019683838,10.83922004699707,15.07050609588623
2022-10-27,12.690166473388672,3.0999999046325684,6.5379958152771,11.422869682312012,15.233431816101074
2022-10-28,12.617650985717773,3.0799999237060547,6.69553804397583,11.673006057739258,14.989043235778809
2022-10-31,12.617650985717773,3.0999999046325684,6.69553804397583,11.923142433166504,14.663193702697754
2022-11-01,12.762680053710938,3.200000047683716,6.931850910186768,11.673006057739258,14.826119422912598
2022-11-02,12.472620964050293,3.0999999046325684,6.853079795837402,11.339491844177246,14.90758228302002
2022-11-03,12.255073547363281,3.0999999046325684,6.853079795837402,11.422869682312012,14.663193702697754
2022-11-04,12.327589988708496,3.0999999046325684,7.010621547698975,11.58962631225586,14.663193702697754
2022-11-07,11.67495346069336,3.0999999046325684,6.9712371826171875,11.256112098693848,14.418808937072754
2022-11-08,11.239861488342285,3.0799999237060547,6.853079795837402,10.755840301513672,14.092958450317383
2022-11-09,11.38489055633545,3.0999999046325684,6.9712371826171875,10.755840301513672,14.174419403076172
2022-11-10,11.239861488342285,3.0799999237060547,6.931850910186768,10.922598838806152,14.092958450317383
2022-11-11,11.02231502532959,3.0799999237060547,6.9712371826171875,10.589083671569824,14.174419403076172
2022-11-14,10.949801445007324,2.9200000762939453,6.9712371826171875,11.172733306884766,14.01149845123291
2022-11-15,11.167346000671387,2.9200000762939453,6.7743096351623535,13.590712547302246,13.685647964477539
2022-11-16,11.094830513000488,2.9200000762939453,6.7743096351623535,14.591256141662598,13.767110824584961
2022-11-17,11.094830513000488,2.9200000762939453,7.010621547698975,14.174363136291504,13.848572731018066
2022-11-18,11.02231502532959,2.880000114440918,7.010621547698975,14.174363136291504,14.01149845123291
2022-11-21,11.312376976013184,2.8399999141693115,7.010621547698975,14.090985298156738,14.174419403076172
2022-11-22,11.312376976013184,2.700000047683716,7.010621547698975,12.590170860290527,14.174419403076172
2022-11-23,11.239861488342285,2.700000047683716,6.9712371826171875,13.340578079223633,14.092958450317383
2022-11-24,11.094830513000488,2.759999990463257,6.616766929626465,13.173819541931152,14.01149845123291
2022-11-25,11.02231502532959,2.7200000286102295,7.207549095153809,13.007063865661621,13.848572731018066
2022-11-28,10.949801445007324,2.759999990463257,7.010621547698975,12.089898109436035,14.01149845123291
2022-11-29,10.949801445007324,2.7200000286102295,6.813694000244141,12.006519317626953,14.01149845123291
2022-11-30,10.949801445007324,2.740000009536743,6.931850910186768,12.006519317626953,13.930036544799805
2022-12-01,10.732255935668945,2.740000009536743,6.931850910186768,12.089898109436035,13.930036544799805
2022-12-02,10.804769515991211,2.7200000286102295,6.931850910186768,11.422869682312012,13.848572731018066
2022-12-06,10.804769515991211,2.700000047683716,6.931850910186768,10.005433082580566,13.767110824584961
2022-12-07,10.877285957336426,2.680000066757202,6.892465591430664,9.588539123535156,13.767110824584961
2022-12-08,10.804769515991211,2.6600000858306885,6.892465591430664,9.671919822692871,13.848572731018066
2022-12-09,10.659738540649414,2.6600000858306885,6.853079795837402,10.505704879760742,13.685647964477539
2022-12-13,10.659738540649414,2.619999885559082,6.853079795837402,10.83922004699707,13.522724151611328
2022-12-14,10.442193031311035,2.440000057220459,6.892465591430664,10.255569458007812,13.685647964477539
2022-12-15,10.297163009643555,2.4000000953674316,6.892465591430664,10.005433082580566,13.60418701171875
2022-12-16,10.36967945098877,2.359999895095825,6.7743096351623535,10.42232608795166,13.685647964477539
2022-12-19,10.224648475646973,2.259999990463257,6.734923362731934,10.172189712524414,13.848572731018066
2022-12-20,9.934586524963379,2.259999990463257,6.813694000244141,9.838675498962402,13.685647964477539
2022-12-21,9.499494552612305,2.299999952316284,6.813694000244141,9.755297660827637,13.60418701171875
2022-12-22,9.572011947631836,2.380000114440918,6.853079795837402,9.838675498962402,13.522724151611328
2022-12-23,9.572011947631836,2.380000114440918,6.813694000244141,10.005433082580566,13.522724151611328
2022-12-26,9.644526481628418,2.4200000762939453,6.853079795837402,10.005433082580566,13.522724151611328
2022-12-27,9.717041015625,2.440000057220459,6.7743096351623535,9.9220552444458,13.685647964477539
2022-12-28,9.789557456970215,2.359999895095825,6.853079795837402,10.172189712524414,13.60418701171875
2022-12-29,9.717041015625,2.4200000762939453,6.853079795837402,10.172189712524414,13.767110824584961
2022-12-30,9.934586524963379,2.380000114440918,6.853079795837402,10.088811874389648,13.767110824584961
2023-01-03,9.934586524963379,2.4000000953674316,6.853079795837402,9.671919822692871,13.685647964477539
2023-01-04,9.862071990966797,2.3399999141693115,6.853079795837402,9.755297660827637,13.522724151611328
2023-01-05,9.862071990966797,2.319999933242798,6.853079795837402,9.671919822692871,13.522724151611328
2023-01-06,9.862071990966797,2.359999895095825,6.853079795837402,9.838675498962402,12.952488899230957
2023-01-09,10.079617500305176,2.4000000953674316,6.5379958152771,10.088811874389648,13.115413665771484
2023-01-10,10.297163009643555,2.799999952316284,6.813694000244141,10.172189712524414,13.3597993850708
2023-01-11,10.224648475646973,2.7799999713897705,6.813694000244141,10.088811874389648,13.3597993850708
2023-01-12,10.297163009643555,2.799999952316284,6.69553804397583,10.922598838806152,13.3597993850708
2023-01-13,10.152132987976074,2.740000009536743,6.656152248382568,10.755840301513672,13.3597993850708
2023-01-16,10.152132987976074,2.759999990463257,6.577381610870361,10.672462463378906,13.441261291503906
2023-01-17,10.152132987976074,2.799999952316284,6.577381610870361,10.505704879760742,13.3597993850708
2023-01-18,10.079617500305176,2.7799999713897705,6.616766929626465,10.338947296142578,13.441261291503906
2023-01-19,10.007102966308594,2.740000009536743,6.616766929626465,10.42232608795166,13.441261291503906
2023-01-20,10.007102966308594,2.740000009536743,6.616766929626465,10.338947296142578,13.3597993850708
2023-01-23,10.079617500305176,2.7799999713897705,6.734923362731934,10.255569458007812,13.278336524963379
2023-01-24,9.934586524963379,2.7799999713897705,6.656152248382568,10.338947296142578,13.196876525878906
2023-01-25,9.789557456970215,2.759999990463257,6.616766929626465,10.005433082580566,13.115413665771484
2023-01-26,9.789557456970215,2.9200000762939453,6.656152248382568,9.838675498962402,13.115413665771484
2023-01-27,9.934586524963379,2.880000114440918,6.577381610870361,9.9220552444458,13.196876525878906
2023-01-30,9.934586524963379,2.880000114440918,6.616766929626465,9.755297660827637,13.196876525878906
2023-01-31,9.789557456970215,2.859999895095825,6.656152248382568,9.671919822692871,13.033951759338379
2023-02-01,9.862071990966797,2.7799999713897705,6.656152248382568,10.005433082580566,13.115413665771484
2023-02-02,9.934586524963379,2.759999990463257,6.7743096351623535,9.838675498962402,13.115413665771484
2023-02-03,9.934586524963379,2.759999990463257,6.656152248382568,9.9220552444458,13.115413665771484
2023-02-06,10.007102966308594,2.819999933242798,6.734923362731934,10.172189712524414,13.196876525878906
2023-02-07,10.079617500305176,2.819999933242798,6.734923362731934,10.088811874389648,13.196876525878906
2023-02-08,9.934586524963379,2.700000047683716,6.734923362731934,9.9220552444458,13.115413665771484
2023-02-09,9.862071990966797,2.740000009536743,6.853079795837402,9.9220552444458,12.871026039123535
2023-02-10,9.934586524963379,2.7200000286102295,6.853079795837402,9.9220552444458,12.871026039123535
2023-02-13,9.862071990966797,2.7200000286102295,6.813694000244141,9.755297660827637,12.952488899230957
2023-02-14,9.717041015625,2.5799999237060547,6.7743096351623535,9.755297660827637,12.871026039123535
2023-02-15,9.717041015625,2.4600000381469727,6.7743096351623535,9.50516128540039,12.78956413269043
2023-02-16,9.717041015625,2.5399999618530273,6.7743096351623535,10.005433082580566,12.871026039123535
2023-02-17,9.499494552612305,2.5,6.813694000244141,9.671919822692871,12.78956413269043
2023-02-20,9.572011947631836,2.5199999809265137,6.7743096351623535,9.838675498962402,13.033951759338379
2023-02-21,9.789557456970215,2.5399999618530273,6.734923362731934,10.005433082580566,13.115413665771484
2023-02-22,9.862071990966797,2.5199999809265137,6.734923362731934,9.9220552444458,13.196876525878906
2023-02-23,9.572011947631836,2.5,6.7743096351623535,9.9220552444458,13.196876525878906
2023-02-24,9.572011947631836,2.440000057220459,6.734923362731934,10.005433082580566,12.952488899230957
2023-02-27,9.644526481628418,2.4800000190734863,6.69553804397583,8.754755020141602,12.952488899230957
2023-02-28,9.644526481628418,2.4200000762939453,6.419838905334473,8.421239852905273,12.952488899230957
2023-03-01,9.499494552612305,2.4000000953674316,6.498610019683838,8.004347801208496,12.871026039123535
2023-03-02,9.426980018615723,2.299999952316284,6.419838905334473,7.795900344848633,12.952488899230957
2023-03-03,9.499494552612305,2.259999990463257,6.5379958152771,7.795900344848633,13.069782257080078
2023-03-07,9.572011947631836,2.3399999141693115,6.5379958152771,7.712521553039551,12.986001014709473
2023-03-08,9.499494552612305,2.3399999141693115,6.5379958152771,7.6291422843933105,12.818440437316895
2023-03-09,9.426980018615723,2.299999952316284,6.577381610870361,7.67083215713501,12.567097663879395
2023-03-10,9.35446548461914,2.240000009536743,6.577381610870361,7.545764446258545,12.148194313049316
2023-03-13,9.136918067932129,2.180000066757202,6.577381610870361,7.295628070831299,12.399537086486816
2023-03-14,8.411767959594727,2.059999942779541,6.656152248382568,7.170560836791992,11.896852493286133
2023-03-15,8.701827049255371,2.0799999237060547,6.459224700927734,7.379007339477539,12.064414024353027
2023-03-16,8.484282493591309,2.059999942779541,6.2622971534729,7.337318420410156,12.064414024353027
2023-03-17,8.484282493591309,2.059999942779541,6.419838905334473,7.295628070831299,12.231975555419922
2023-03-20,8.339250564575195,2.0399999618530273,6.459224700927734,6.920424938201904,12.148194313049316
2023-03-21,8.55679702758789,2.119999885559082,6.498610019683838,7.212249279022217,12.315755844116211
2023-03-22,8.484282493591309,2.140000104904175,6.498610019683838,7.170560836791992,12.231975555419922
2023-03-23,8.484282493591309,2.140000104904175,6.498610019683838,7.420696258544922,12.315755844116211
2023-03-24,8.629311561584473,2.140000104904175,6.498610019683838,7.462385654449463,12.148194313049316
2023-03-27,8.701827049255371,2.119999885559082,6.459224700927734,7.379007339477539,12.148194313049316
2023-03-28,8.846858978271484,2.240000009536743,6.459224700927734,7.420696258544922,12.315755844116211
2023-03-29,8.77434253692627,2.2200000286102295,6.498610019683838,7.337318420410156,12.148194313049316
2023-03-30,8.919373512268066,2.240000009536743,6.498610019683838,7.212249279022217,11.980634689331055
2023-03-31,8.701827049255371,2.2200000286102295,6.616766929626465,7.003803253173828,11.81307315826416
2023-04-03,8.629311561584473,2.1600000858306885,6.7743096351623535,7.003803253173828,11.56173038482666
2023-04-04,8.629311561584473,2.1600000858306885,6.498610019683838,7.045492649078369,11.394169807434082
2023-04-05,8.411767959594727,2.119999885559082,6.380454063415527,6.837045669555664,11.059045791625977
2023-04-07,8.339250564575195,2.0999999046325684,6.380454063415527,6.962114334106445,11.059045791625977
2023-04-10,8.411767959594727,2.0799999237060547,6.380454063415527,7.003803253173828,11.059045791625977
2023-04-11,8.411767959594727,2.140000104904175,6.380454063415527,6.962114334106445,11.226606369018555
2023-04-12,8.411767959594727,2.1600000858306885,6.498610019683838,6.920424938201904,11.142827033996582
2023-04-17,8.484282493591309,2.2200000286102295,6.616766929626465,7.045492649078369,11.477950096130371
2023-04-18,8.484282493591309,2.180000066757202,6.616766929626465,7.003803253173828,11.81307315826416
2023-04-19,8.339250564575195,2.1600000858306885,6.616766929626465,6.962114334106445,11.81307315826416
2023-04-20,7.904160499572754,2.140000104904175,6.616766929626465,7.045492649078369,11.56173038482666
2023-04-21,7.904160499572754,2.140000104904175,6.380454063415527,6.920424938201904,11.477950096130371
2023-04-24,7.904160499572754,2.119999885559082,6.459224700927734,6.962114334106445,11.477950096130371
2023-04-25,7.469069957733154,2.0399999618530273,6.419838905334473,6.878735542297363,11.477950096130371
2023-04-26,7.541584014892578,2.0399999618530273,6.498610019683838,6.878735542297363,11.394169807434082
2023-04-27,7.396553039550781,2.0199999809265137,6.69553804397583,6.670289039611816,11.394169807434082
2023-04-28,7.61409854888916,2.0399999618530273,7.089393138885498,6.545220851898193,11.56173038482666
2023-05-02,7.324039459228516,2.0,6.498610019683838,6.5035319328308105,11.477950096130371
2023-05-03,7.324039459228516,1.9600000381469727,6.5667033195495605,6.753667831420898,11.394169807434082
2023-05-08,7.62606143951416,1.9500000476837158,6.943138122558594,6.837045669555664,12.148194313049316
2023-05-09,7.777072429656982,1.9700000286102295,6.9849653244018555,7.014631748199463,12.399537086486816
2023-05-10,7.701565265655518,1.9800000190734863,6.943138122558594,6.748253345489502,12.567097663879395
2023-05-11,7.324038505554199,1.9600000381469727,6.9849653244018555,6.526271343231201,12.567097663879395
2023-05-12,7.324038505554199,1.9199999570846558,6.692181587219238,6.17110013961792,12.567097663879395
2023-05-15,7.210779190063477,1.8700000047683716,6.901312351226807,5.327568531036377,12.483317375183105
2023-05-16,7.248533248901367,1.850000023841858,6.901312351226807,5.63834285736084,12.483317375183105
2023-05-17,7.248533248901367,1.8300000429153442,6.775834083557129,5.549550533294678,12.315755844116211
2023-05-18,7.361790657043457,1.8200000524520874,6.901312351226807,5.460758209228516,12.399537086486816
2023-05-19,7.361790657043457,1.7899999618530273,6.859485626220703,5.327568531036377,12.399537086486816
2023-05-22,7.324038505554199,1.7599999904632568,6.692181587219238,5.371964931488037,12.65087890625
2023-05-23,7.701565265655518,1.8300000429153442,6.692181587219238,5.63834285736084,13.069782257080078
2023-05-24,7.5505547523498535,2.059999942779541,6.692181587219238,5.63834285736084,13.40490436553955
2023-05-25,7.512802600860596,1.9700000286102295,6.734008312225342,5.682739734649658,13.40490436553955
2023-05-26,7.5505547523498535,1.9199999570846558,6.775834083557129,5.549550533294678,13.321122169494629
2023-05-29,7.399543762207031,1.9500000476837158,6.734008312225342,5.59394645690918,12.818440437316895
2023-05-30,7.361790657043457,1.9600000381469727,6.692181587219238,5.63834285736084,12.734659194946289
2023-05-31,7.286285877227783,1.940000057220459,6.692181587219238,5.63834285736084,12.315755844116211
2023-06-01,7.286285877227783,1.9199999570846558,6.734008312225342,5.59394645690918,12.064414024353027
2023-06-02,7.399543762207031,1.909999966621399,6.734008312225342,5.505154132843018,12.064414024353027
2023-06-06,7.399543762207031,1.9199999570846558,6.692181587219238,5.416361331939697,11.394169807434082
2023-06-07,7.4750494956970215,1.9600000381469727,6.692181587219238,5.416361331939697,11.394169807434082
2023-06-08,7.5505547523498535,2.0199999809265137,6.734008312225342,5.549550533294678,11.64551067352295
2023-06-09,7.4372968673706055,2.0,6.692181587219238,5.549550533294678,11.477950096130371
2023-06-12,7.512802600860596,1.9299999475479126,6.692181587219238,5.460758209228516,11.56173038482666
2023-06-13,7.5505547523498535,1.9500000476837158,6.692181587219238,5.682739734649658,11.56173038482666
2023-06-14,7.777072429656982,1.9600000381469727,6.692181587219238,5.949117660522461,11.56173038482666
2023-06-15,7.361790657043457,1.9199999570846558,6.692181587219238,5.63834285736084,11.477950096130371
2023-06-16,7.361790657043457,1.8600000143051147,6.734008312225342,5.63834285736084,11.310388565063477
2023-06-19,7.286285877227783,1.8700000047683716,6.692181587219238,5.59394645690918,11.226606369018555
2023-06-20,7.248533248901367,1.850000023841858,6.734008312225342,5.505154132843018,11.226606369018555
2023-06-21,7.059770107269287,1.809999942779541,6.775834083557129,5.416361331939697,11.142827033996582
2023-06-22,6.833251953125,1.7699999809265137,6.775834083557129,5.460758209228516,11.059045791625977
2023-06-23,6.75774621963501,1.7300000190734863,6.859485626220703,5.416361331939697,11.059045791625977
2023-06-26,6.531230449676514,1.6200000047683716,6.692181587219238,5.061189651489258,10.975266456604004
2023-06-27,6.380218505859375,1.6399999856948853,6.692181587219238,5.238775730133057,10.723923683166504
2023-06-28,6.078197002410889,1.6399999856948853,6.692181587219238,5.016793727874756,10.640143394470215
2023-06-29,6.078197002410889,1.6799999475479126,6.775834083557129,5.327568531036377,10.723923683166504
2023-06-30,6.229208469390869,1.6799999475479126,6.775834083557129,5.371964931488037,10.807703971862793
2023-07-03,6.229208469390869,1.690000057220459,6.692181587219238,5.371964931488037,10.723923683166504
2023-07-04,6.342465877532959,1.7100000381469727,6.734008312225342,5.460758209228516,10.723923683166504
2023-07-05,6.266960620880127,1.690000057220459,6.692181587219238,5.371964931488037,10.807703971862793
2023-07-06,6.115950107574463,1.6699999570846558,6.734008312225342,5.238775730133057,10.640143394470215
2023-07-07,6.1537017822265625,1.7999999523162842,6.692181587219238,5.1943793296813965,10.723923683166504
2023-07-10,6.078197002410889,1.809999942779541,6.692181587219238,5.105586051940918,10.723923683166504
2023-07-11,6.078197002410889,1.809999942779541,6.775834083557129,5.061189651489258,10.807703971862793
2023-07-12,5.851680755615234,1.7999999523162842,6.692181587219238,4.617225646972656,10.472580909729004
2023-07-13,5.889432907104492,1.809999942779541,6.692181587219238,4.794811725616455,10.55636215209961
2023-07-14,6.1537017822265625,1.8200000524520874,6.692181587219238,4.883604049682617,10.723923683166504
2023-07-17,6.078197002410889,1.8300000429153442,6.692181587219238,4.9280009269714355,10.807703971862793
2023-07-18,6.0404438972473145,1.8200000524520874,6.692181587219238,4.839207649230957,10.891485214233398
2023-07-19,6.078197002410889,1.8200000524520874,6.692181587219238,4.9280009269714355,10.807703971862793
2023-07-20,6.00269079208374,1.809999942779541,6.775834083557129,4.794811725616455,10.723923683166504
2023-07-21,6.0404438972473145,1.7899999618530273,6.775834083557129,4.794811725616455,10.807703971862793
2023-07-24,5.889432907104492,1.7799999713897705,6.734008312225342,4.972397327423096,10.723923683166504
2023-07-25,5.889432907104492,1.7799999713897705,6.692181587219238,4.750414848327637,10.807703971862793
2023-07-26,5.927185535430908,1.7799999713897705,6.692181587219238,4.794811725616455,10.807703971862793
2023-07-27,5.927185535430908,1.7699999809265137,6.734008312225342,4.794811725616455,10.891485214233398
2023-07-31,6.0404438972473145,1.7899999618530273,6.734008312225342,4.972397327423096,11.310388565063477
2023-08-02,5.927185535430908,1.7999999523162842,6.734008312225342,4.9280009269714355,11.310388565063477
2023-08-03,5.851680755615234,1.7899999618530273,6.775834083557129,4.883604049682617,11.059045791625977
2023-08-04,5.851680755615234,1.7699999809265137,6.775834083557129,4.839207649230957,11.142827033996582
2023-08-07,5.813927173614502,1.7699999809265137,6.734008312225342,4.839207649230957,11.394169807434082
2023-08-08,5.662916660308838,1.7599999904632568,6.692181587219238,4.839207649230957,11.226606369018555
2023-08-09,5.662916660308838,1.75,6.775834083557129,4.839207649230957,11.310388565063477
2023-08-10,5.738421440124512,1.7799999713897705,6.650355339050293,4.883604049682617,11.394169807434082
2023-08-11,5.738421440124512,1.8200000524520874,6.734008312225342,4.883604049682617,11.310388565063477
2023-08-15,5.700669288635254,1.7799999713897705,6.650355339050293,5.061189651489258,11.226606369018555
2023-08-16,5.323141098022461,1.7999999523162842,6.650355339050293,4.972397327423096,11.226606369018555
2023-08-17,5.436399459838867,1.7899999618530273,6.692181587219238,5.549550533294678,11.394169807434082
2023-08-18,5.436399459838867,1.7599999904632568,6.775834083557129,5.549550533294678,11.394169807434082
2023-08-21,5.398646831512451,1.7699999809265137,6.650355339050293,5.63834285736084,11.479838371276855
2023-08-22,5.474152088165283,1.809999942779541,6.775834083557129,5.63834285736084,11.73685073852539
2023-08-23,5.662916660308838,1.8799999952316284,6.775834083557129,5.549550533294678,12.079532623291016
2023-08-24,5.723972320556641,1.8799999952316284,6.775834083557129,5.682739734649658,11.90819263458252
2023-08-25,5.838451385498047,2.140000104904175,6.817659854888916,6.25989294052124,11.99386215209961
2023-08-28,6.449007987976074,2.2200000286102295,6.775834083557129,6.481874942779541,12.165202140808105
2023-08-29,6.3726887702941895,2.0999999046325684,6.775834083557129,6.437478542327881,12.250873565673828
2023-08-30,6.601647853851318,2.180000066757202,6.775834083557129,6.526271343231201,12.422215461730957
2023-08-31,6.563488483428955,2.2200000286102295,6.775834083557129,6.437478542327881,12.250873565673828
2023-09-01,6.3726887702941895,2.240000009536743,6.734008312225342,6.3486857414245605,12.250873565673828
2023-09-04,6.296369552612305,2.180000066757202,6.692181587219238,5.815928936004639,12.165202140808105
2023-09-05,6.487168312072754,2.1600000858306885,6.692181587219238,6.0379109382629395,12.165202140808105
2023-09-06,6.296369552612305,2.200000047683716,6.650355339050293,5.904721736907959,12.250873565673828
2023-09-07,6.143730163574219,2.180000066757202,6.775834083557129,5.993514537811279,12.165202140808105
2023-09-08,6.181890487670898,2.1600000858306885,6.859485626220703,5.949117660522461,12.079532623291016
2023-09-11,5.952930927276611,2.0799999237060547,6.692181587219238,5.860324859619141,11.99386215209961
2023-09-12,5.952930927276611,2.059999942779541,6.692181587219238,5.815928936004639,12.250873565673828
2023-09-13,5.800291061401367,2.0399999618530273,6.692181587219238,5.72713565826416,12.250873565673828
2023-09-14,5.876611232757568,2.0199999809265137,6.692181587219238,5.77153205871582,12.422215461730957
2023-09-15,5.876611232757568,2.240000009536743,6.734008312225342,5.904721736907959,12.50788402557373
2023-09-18,5.762132167816162,2.119999885559082,6.692181587219238,5.815928936004639,12.165202140808105
2023-09-19,5.723972320556641,2.119999885559082,6.775834083557129,5.815928936004639,12.165202140808105
2023-09-20,5.609492301940918,2.2200000286102295,6.775834083557129,5.815928936004639,12.079532623291016
2023-09-21,5.647652626037598,2.3399999141693115,6.775834083557129,5.860324859619141,12.336542129516602
2023-09-22,5.762132167816162,2.380000114440918,6.817659854888916,6.082306861877441,12.250873565673828
2023-09-25,5.723972320556641,2.359999895095825,6.775834083557129,6.0379109382629395,12.165202140808105
2023-09-26,5.4950127601623535,2.180000066757202,6.692181587219238,5.993514537811279,12.250873565673828
2023-09-27,5.609492301940918,2.240000009536743,6.734008312225342,5.860324859619141,12.336542129516602
2023-09-28,5.4950127601623535,2.2799999713897705,6.817659854888916,5.77153205871582,12.336542129516602
2023-09-29,5.533172607421875,2.2799999713897705,6.692181587219238,5.77153205871582,12.422215461730957
2023-10-02,5.418693542480469,2.4200000762939453,6.692181587219238,5.77153205871582,12.422215461730957
2023-10-03,5.533172607421875,2.380000114440918,6.608529567718506,5.371964931488037,12.165202140808105
2023-10-04,5.723972320556641,2.4600000381469727,6.608529567718506,5.460758209228516,12.165202140808105
2023-10-05,5.685811996459961,2.4000000953674316,6.692181587219238,5.371964931488037,12.079532623291016
2023-10-06,5.685811996459961,2.319999933242798,6.692181587219238,5.1943793296813965,11.90819263458252
2023-10-09,5.838451385498047,2.200000047683716,6.608529567718506,4.972397327423096,11.99386215209961
2023-10-10,5.723972320556641,2.180000066757202,6.608529567718506,5.105586051940918,11.6511812210083
2023-10-11,5.685811996459961,2.240000009536743,6.5667033195495605,5.149982929229736,11.90819263458252
2023-10-12,5.685811996459961,2.2799999713897705,6.650355339050293,5.105586051940918,11.99386215209961
2023-10-16,5.45685338973999,2.140000104904175,6.650355339050293,4.972397327423096,11.73685073852539
2023-10-17,5.4950127601623535,2.0999999046325684,6.650355339050293,5.061189651489258,11.6511812210083
2023-10-18,5.418693542480469,1.9700000286102295,6.524877548217773,5.016793727874756,11.479838371276855
2023-10-19,5.151574611663818,2.0,6.524877548217773,5.016793727874756,11.394169807434082
2023-10-20,4.76997709274292,1.8899999856948853,6.734008312225342,5.016793727874756,11.479838371276855
2023-10-24,4.808136940002441,1.8899999856948853,6.608529567718506,4.972397327423096,11.565508842468262
2023-10-25,4.884455680847168,1.940000057220459,6.608529567718506,5.238775730133057,11.6511812210083
2023-10-26,4.808136940002441,1.899999976158142,6.692181587219238,5.016793727874756,11.394169807434082
2023-10-27,4.808136940002441,1.9199999570846558,6.650355339050293,5.149982929229736,11.394169807434082
2023-10-30,4.846296310424805,1.9299999475479126,6.5667033195495605,5.371964931488037,11.565508842468262
2023-10-31,4.76997709274292,1.8700000047683716,6.483051300048828,5.283172130584717,11.565508842468262
2023-11-01,4.846296310424805,1.8700000047683716,6.483051300048828,5.283172130584717,11.479838371276855
2023-11-02,4.960775375366211,1.9700000286102295,6.524877548217773,5.283172130584717,11.565508842468262
2023-11-03,4.998935222625732,1.9900000095367432,6.524877548217773,5.327568531036377,11.73685073852539
2023-11-06,4.922616004943848,1.9800000190734863,6.608529567718506,5.371964931488037,11.99386215209961
2023-11-07,4.884455680847168,1.9500000476837158,6.5667033195495605,5.371964931488037,12.079532623291016
2023-11-08,4.960775375366211,1.9700000286102295,6.5667033195495605,5.416361331939697,12.250873565673828
2023-11-09,4.998935222625732,2.0199999809265137,6.608529567718506,5.283172130584717,12.079532623291016
2023-11-10,4.846296310424805,1.9800000190734863,6.608529567718506,5.283172130584717,11.99386215209961
2023-11-13,4.73181676864624,1.9800000190734863,6.608529567718506,5.682739734649658,11.822521209716797
2023-11-14,4.693656921386719,1.7999999523162842,6.608529567718506,5.460758209228516,11.822521209716797
2023-11-15,4.6554975509643555,1.8300000429153442,6.524877548217773,5.63834285736084,11.90819263458252
2023-11-16,4.579177379608154,1.8200000524520874,6.524877548217773,5.59394645690918,11.822521209716797
2023-11-17,4.693656921386719,1.8200000524520874,6.5667033195495605,5.549550533294678,11.99386215209961
2023-11-20,4.808136940002441,1.7999999523162842,6.524877548217773,5.460758209228516,11.90819263458252
2023-11-21,4.846296310424805,1.809999942779541,6.524877548217773,5.59394645690918,11.90819263458252
2023-11-22,4.884455680847168,1.7899999618530273,6.524877548217773,5.549550533294678,11.99386215209961
2023-11-23,4.960775375366211,1.809999942779541,6.524877548217773,5.505154132843018,11.99386215209961
2023-11-24,4.922616004943848,1.7899999618530273,6.524877548217773,5.505154132843018,12.165202140808105
2023-11-27,4.846296310424805,1.7699999809265137,6.441225051879883,5.460758209228516,12.165202140808105
2023-11-28,4.998935222625732,1.7999999523162842,6.441225051879883,5.549550533294678,12.50788402557373
2023-11-29,4.960775375366211,1.7599999904632568,6.483051300048828,5.549550533294678,12.76489543914795
2023-11-30,4.960775375366211,1.7599999904632568,6.483051300048828,5.238775730133057,12.593555450439453
2023-12-01,4.998935222625732,1.7300000190734863,6.483051300048828,5.238775730133057,12.67922592163086
2023-12-04,5.113414764404297,1.75,6.483051300048828,5.1943793296813965,12.936236381530762
2023-12-06,5.266054153442383,1.809999942779541,6.441225051879883,5.283172130584717,12.936236381530762
2023-12-07,5.266054153442383,1.7799999713897705,6.483051300048828,5.283172130584717,12.850566864013672
2023-12-08,5.227894306182861,1.7799999713897705,6.483051300048828,5.238775730133057,12.936236381530762
2023-12-12,5.075255393981934,1.7300000190734863,6.483051300048828,5.327568531036377,12.936236381530762
2023-12-13,4.922616004943848,1.7100000381469727,6.441225051879883,5.283172130584717,12.850566864013672
2023-12-14,5.075255393981934,1.7400000095367432,6.3993988037109375,5.283172130584717,12.67922592163086
2023-12-15,5.113414764404297,1.7799999713897705,6.483051300048828,5.460758209228516,12.850566864013672
2023-12-18,5.151574611663818,1.75,6.3993988037109375,5.416361331939697,12.593555450439453
2023-12-19,5.189734935760498,1.7400000095367432,6.3993988037109375,5.416361331939697,12.50788402557373
2023-12-20,5.266054153442383,1.7799999713897705,6.357572078704834,5.460758209228516,12.250873565673828
2023-12-21,5.227894306182861,1.7899999618530273,6.441225051879883,5.460758209228516,12.250873565673828
2023-12-22,5.151574611663818,1.7699999809265137,6.357572078704834,5.460758209228516,12.336542129516602
2023-12-25,5.227894306182861,1.7699999809265137,6.441225051879883,5.283172130584717,12.50788402557373
2023-12-26,5.45685338973999,1.8700000047683716,6.441225051879883,5.549550533294678,12.67922592163086
2023-12-27,5.380533695220947,1.8300000429153442,6.357572078704834,5.505154132843018,12.76489543914795
2023-12-28,5.304214000701904,1.840000033378601,6.3993988037109375,5.549550533294678,12.850566864013672
2024-01-03,5.4950127601623535,1.8700000047683716,6.524877548217773,5.505154132843018,12.76489543914795
2024-01-04,5.571332931518555,1.899999976158142,6.5667033195495605,5.59394645690918,12.67922592163086
2024-01-05,5.380533695220947,1.8600000143051147,6.5667033195495605,5.549550533294678,12.593555450439453
2024-01-08,5.342373847961426,1.850000023841858,6.5667033195495605,5.505154132843018,12.50788402557373
2024-01-09,5.304214000701904,1.840000033378601,6.524877548217773,5.505154132843018,12.76489543914795
2024-01-10,5.342373847961426,1.850000023841858,6.524877548217773,5.59394645690918,12.936236381530762
2024-01-11,5.113414764404297,1.7999999523162842,6.5667033195495605,5.63834285736084,13.021907806396484
2024-01-12,5.227894306182861,1.7999999523162842,6.5667033195495605,5.77153205871582,12.67922592163086
2024-01-15,5.227894306182861,1.7999999523162842,6.608529567718506,5.77153205871582,12.593555450439453
2024-01-16,5.151574611663818,1.7999999523162842,6.650355339050293,5.77153205871582,12.50788402557373
2024-01-17,5.151574611663818,1.7400000095367432,6.650355339050293,5.505154132843018,12.850566864013672
2024-01-18,5.151574611663818,1.75,6.650355339050293,5.59394645690918,13.27891731262207
2024-01-19,5.266054153442383,1.7400000095367432,6.692181587219238,5.549550533294678,13.27891731262207
2024-01-22,5.266054153442383,1.7400000095367432,6.650355339050293,5.549550533294678,13.19324779510498
2024-01-23,5.151574611663818,1.6799999475479126,6.441225051879883,5.460758209228516,13.107577323913574
2024-01-24,5.113414764404297,1.7200000286102295,6.734008312225342,5.460758209228516,13.107577323913574
2024-01-25,5.037095546722412,1.7200000286102295,6.734008312225342,5.505154132843018,13.107577323913574
2024-01-26,5.075255393981934,1.7599999904632568,6.734008312225342,5.505154132843018,13.021907806396484
2024-01-29,5.075255393981934,1.75,6.692181587219238,5.549550533294678,13.021907806396484
2024-01-30,5.113414764404297,1.7799999713897705,6.650355339050293,5.59394645690918,13.021907806396484
2024-01-31,4.998935222625732,1.7599999904632568,6.650355339050293,5.72713565826416,13.021907806396484
2024-02-01,5.037095546722412,1.7599999904632568,6.650355339050293,5.77153205871582,13.107577323913574
2024-02-02,5.151574611663818,1.7699999809265137,6.5667033195495605,5.72713565826416,13.19324779510498
2024-02-05,5.227894306182861,1.75,6.608529567718506,5.77153205871582,13.107577323913574
2024-02-06,5.342373847961426,1.75,6.608529567718506,5.682739734649658,13.27891731262207
2024-02-07,5.266054153442383,1.7300000190734863,6.524877548217773,5.682739734649658,13.107577323913574
2024-02-08,5.304214000701904,1.7200000286102295,6.608529567718506,5.549550533294678,13.107577323913574
2024-02-09,5.342373847961426,1.7300000190734863,6.608529567718506,5.59394645690918,13.27891731262207
2024-02-12,5.342373847961426,1.7300000190734863,6.524877548217773,5.549550533294678,13.4502592086792
2024-02-13,5.418693542480469,1.75,6.524877548217773,5.505154132843018,13.4502592086792
2024-02-14,5.342373847961426,1.7300000190734863,6.524877548217773,5.505154132843018,13.535929679870605
2024-02-15,5.418693542480469,1.7799999713897705,6.524877548217773,5.549550533294678,13.4502592086792
2024-02-16,5.227894306182861,1.7799999713897705,6.524877548217773,5.327568531036377,13.621600151062012
2024-02-19,5.227894306182861,1.7799999713897705,6.524877548217773,5.1943793296813965,13.535929679870605
2024-02-20,5.189734935760498,1.7599999904632568,6.5667033195495605,5.283172130584717,13.021907806396484
2024-02-21,5.227894306182861,1.7400000095367432,6.441225051879883,5.460758209228516,12.850566864013672
2024-02-22,5.304214000701904,1.7400000095367432,6.483051300048828,5.460758209228516,12.76489543914795
2024-02-23,5.380533695220947,1.7599999904632568,6.441225051879883,5.327568531036377,12.67922592163086
2024-02-27,5.227894306182861,1.75,6.441225051879883,5.371964931488037,12.422215461730957
2024-02-28,5.227894306182861,1.7200000286102295,6.524877548217773,5.149982929229736,12.422215461730957
2024-02-29,5.189734935760498,1.690000057220459,6.524877548217773,4.9280009269714355,12.336542129516602
2024-03-01,5.075255393981934,1.690000057220459,6.524877548217773,4.839207649230957,12.284270286560059
2024-03-04,4.922616004943848,1.7000000476837158,6.483051300048828,4.661622524261475,12.284270286560059
2024-03-05,4.884455680847168,1.6799999475479126,6.524877548217773,4.883604049682617,12.458515167236328
2024-03-06,5.037095546722412,1.690000057220459,6.441225051879883,4.883604049682617,12.545636177062988
2024-03-07,4.960775375366211,1.7000000476837158,6.441225051879883,5.238775730133057,12.632761001586914
2024-03-08,4.998935222625732,1.7100000381469727,6.3993988037109375,5.327568531036377,12.545636177062988
2024-03-11,5.075255393981934,1.6799999475479126,6.441225051879883,5.149982929229736,12.545636177062988
2024-03-12,5.075255393981934,1.6799999475479126,6.441225051879883,5.149982929229736,12.545636177062988
2024-03-13,5.113414764404297,1.690000057220459,6.357572078704834,5.105586051940918,12.284270286560059
2024-03-14,5.151574611663818,1.7000000476837158,6.441225051879883,5.105586051940918,12.458515167236328
2024-03-15,5.151574611663818,1.7000000476837158,6.483051300048828,5.238775730133057,12.458515167236328
2024-03-18,5.151574611663818,1.7000000476837158,6.5667033195495605,5.149982929229736,12.458515167236328
2024-03-19,5.151574611663818,1.7000000476837158,6.524877548217773,5.149982929229736,12.545636177062988
2024-03-20,5.151574611663818,1.7000000476837158,6.524877548217773,5.149982929229736,12.545636177062988
2024-03-21,5.113414764404297,1.7200000286102295,6.524877548217773,5.283172130584717,12.632761001586914
2024-03-22,5.113414764404297,1.7200000286102295,6.524877548217773,5.283172130584717,12.632761001586914
2024-03-25,4.922616004943848,1.7300000190734863,6.524877548217773,5.371964931488037,12.371392250061035
2024-03-26,4.922616004943848,1.7300000190734863,6.524877548217773,5.371964931488037,12.371392250061035
2024-03-27,4.960775375366211,1.75,6.3993988037109375,5.549550533294678,12.719882011413574
2024-03-28,4.960775375366211,1.75,6.3993988037109375,5.549550533294678,12.719882011413574
2024-03-29,5.075255393981934,1.7300000190734863,6.441225051879883,5.505154132843018,12.632761001586914
2024-04-01,5.151574611663818,1.7300000190734863,6.441225051879883,5.416361331939697,12.719882011413574
2024-04-02,5.266054153442383,1.75,6.3993988037109375,5.460758209228516,12.807004928588867
2024-04-03,5.189734935760498,1.75,6.524877548217773,5.416361331939697,12.719882011413574
2024-04-04,5.189734935760498,1.75,6.483051300048828,5.416361331939697,12.719882011413574
2024-04-05,5.227894306182861,1.6699999570846558,6.3993988037109375,5.327568531036377,12.545636177062988
2024-04-09,5.227894306182861,1.6699999570846558,6.483051300048828,5.460758209228516,12.545636177062988
2024-04-10,5.45685338973999,1.7300000190734863,6.441225051879883,5.460758209228516,12.545636177062988
2024-04-11,5.380533695220947,1.7100000381469727,6.3993988037109375,5.549550533294678,12.719882011413574
2024-04-17,5.380533695220947,1.7100000381469727,6.3993988037109375,5.549550533294678,12.719882011413574
2024-04-18,5.380533695220947,1.7100000381469727,6.3993988037109375,5.549550533294678,12.719882011413574
2024-04-19,5.380533695220947,1.7100000381469727,6.3993988037109375,5.549550533294678,12.719882011413574
2024-04-22,5.227894306182861,1.6100000143051147,6.357572078704834,5.371964931488037,12.284270286560059
2024-04-23,5.342373847961426,1.6200000047683716,6.3993988037109375,5.460758209228516,12.545636177062988
2024-04-24,5.342373847961426,1.6200000047683716,6.3993988037109375,5.460758209228516,12.545636177062988
2024-04-25,5.380533695220947,1.6399999856948853,6.3993988037109375,5.59394645690918,12.807004928588867
2024-04-26,5.4950127601623535,1.6699999570846558,6.483051300048828,5.77153205871582,12.719882011413574
2024-04-29,6.296369552612305,1.7799999713897705,6.483051300048828,6.17110013961792,12.807004928588867
2024-04-30,6.296369552612305,1.7799999713897705,6.483051300048828,6.17110013961792,12.807004928588867
2024-05-02,6.639807224273682,1.840000033378601,6.650355339050293,6.17110013961792,12.807004928588867
2024-05-03,6.410848140716553,1.809999942779541,6.755995273590088,6.621545314788818,12.981249809265137
2024-05-07,6.640089511871338,1.809999942779541,6.755995273590088,6.621545314788818,12.981249809265137
2024-05-08,6.481991767883301,1.7599999904632568,6.755995273590088,7.026946067810059,12.981249809265137
2024-05-09,6.6796135902404785,1.690000057220459,6.755995273590088,6.936856746673584,12.981249809265137
2024-05-10,7.5886735916137695,1.809999942779541,6.799865245819092,7.162079811096191,13.06837272644043
2024-05-13,7.746771812438965,1.8700000047683716,6.799865245819092,6.4864115715026855,13.2426176071167
2024-05-14,7.667721748352051,1.8300000429153442,6.799865245819092,6.4413676261901855,13.329739570617676
2024-05-15,7.667721748352051,1.809999942779541,6.799865245819092,6.4413676261901855,13.329739570617676
2024-05-16,7.667721748352051,1.809999942779541,6.799865245819092,6.4413676261901855,13.329739570617676
2024-05-17,7.667721748352051,1.899999976158142,6.975345134735107,6.4864115715026855,13.329739570617676
2024-05-20,7.667721748352051,1.899999976158142,6.975345134735107,6.4864115715026855,13.329739570617676
2024-05-21,7.983917236328125,1.8600000143051147,6.975345134735107,6.4864115715026855,13.329739570617676
2024-05-23,7.983917236328125,2.0799999237060547,6.931475639343262,6.396322250366211,12.981249809265137
2024-05-24,7.983917236328125,2.0799999237060547,6.931475639343262,6.396322250366211,12.981249809265137
2024-05-27,8.300111770629883,2.0399999618530273,6.8876051902771,7.071990489959717,12.981249809265137
2024-05-28,8.300111770629883,2.1600000858306885,6.755995273590088,6.9819016456604,12.89412784576416
2024-05-29,8.53725814819336,2.119999885559082,6.843735694885254,6.936856746673584,12.89412784576416
2024-05-30,8.53725814819336,2.119999885559082,6.843735694885254,6.936856746673584,12.89412784576416
2024-05-31,8.53725814819336,2.119999885559082,6.843735694885254,6.936856746673584,12.89412784576416
2024-06-04,8.221063613891602,1.9800000190734863,6.843735694885254,6.846767902374268,13.06837272644043
2024-06-05,8.221063613891602,1.9800000190734863,6.799865245819092,6.756678581237793,13.06837272644043
2024-06-06,8.142014503479004,2.0,6.799865245819092,6.711634159088135,13.591107368469238
2024-06-07,8.142014503479004,2.0,6.8876051902771,6.756678581237793,13.591107368469238
2024-06-10,8.695355415344238,2.119999885559082,6.843735694885254,7.071990489959717,13.503983497619629
2024-06-11,8.379161834716797,2.0799999237060547,6.975345134735107,7.071990489959717,13.503983497619629
2024-06-12,8.300111770629883,2.240000009536743,6.931475639343262,7.252168655395508,13.503983497619629
2024-06-13,8.221063613891602,2.119999885559082,6.8876051902771,7.252168655395508,13.591107368469238
2024-06-14,7.904867649078369,2.0399999618530273,6.931475639343262,7.20712423324585,13.591107368469238
2024-06-17,7.825819492340088,1.9500000476837158,6.8876051902771,6.801723957061768,13.329739570617676
2024-06-18,7.825819492340088,1.9500000476837158,6.8876051902771,6.801723957061768,13.329739570617676
2024-06-19,7.825819492340088,1.9500000476837158,6.8876051902771,6.801723957061768,13.329739570617676
2024-06-20,7.904867649078369,1.899999976158142,6.843735694885254,7.117034912109375,13.2426176071167
2024-06-21,8.458209037780762,2.0,6.8876051902771,7.387301921844482,13.2426176071167
2024-06-24,8.379161834716797,2.0,6.931475639343262,7.387301921844482,13.416861534118652
2024-06-25,8.379161834716797,2.0,6.931475639343262,7.387301921844482,13.416861534118652
2024-06-26,8.379161834716797,2.0,6.931475639343262,7.387301921844482,13.416861534118652
2024-06-27,8.379161834716797,2.0199999809265137,6.8876051902771,7.342257499694824,13.155494689941406
2024-06-28,8.142014503479004,1.9500000476837158,6.755995273590088,7.20712423324585,12.981249809265137
2024-07-01,8.142014503479004,1.9500000476837158,6.755995273590088,7.20712423324585,12.981249809265137
2024-07-02,8.142014503479004,1.9500000476837158,6.755995273590088,7.20712423324585,12.981249809265137
2024-07-03,7.983917236328125,1.9199999570846558,6.755995273590088,7.117034912109375,12.807004928588867
2024-07-04,7.904867649078369,1.9700000286102295,6.755995273590088,7.20712423324585,12.89412784576416
2024-07-05,8.142014503479004,2.0399999618530273,6.755995273590088,7.20712423324585,12.981249809265137
2024-07-08,8.300111770629883,2.119999885559082,6.755995273590088,7.252168655395508,13.06837272644043
2024-07-09,8.300111770629883,2.119999885559082,6.755995273590088,7.252168655395508,13.06837272644043
2024-07-10,8.142014503479004,2.0799999237060547,6.755995273590088,7.837747097015381,13.06837272644043
2024-07-11,8.142014503479004,2.0399999618530273,6.755995273590088,7.837747097015381,13.06837272644043
2024-07-12,8.142014503479004,2.0399999618530273,6.755995273590088,7.837747097015381,13.06837272644043
2024-07-15,8.142014503479004,2.0399999618530273,6.755995273590088,7.837747097015381,13.06837272644043
2024-07-16,7.865344047546387,2.0999999046325684,6.536644458770752,7.657569885253906,13.2426176071167
2024-07-17,7.865344047546387,2.0999999046325684,6.536644458770752,7.657569885253906,13.2426176071167
2024-07-18,7.351528644561768,1.9700000286102295,6.580514430999756,7.792702674865723,13.2426176071167
2024-07-19,7.153906345367432,1.9900000095367432,6.536644458770752,7.567480087280273,13.2426176071167
2024-07-23,6.798187255859375,1.9299999475479126,6.492774486541748,7.522436141967773,12.89412784576416
2024-07-24,7.153906345367432,2.0799999237060547,6.141813278198242,7.61252498626709,12.89412784576416
2024-07-25,7.114382266998291,1.9700000286102295,6.229554176330566,7.522436141967773,12.807004928588867
2024-07-26,7.391052722930908,2.0,6.27342414855957,7.61252498626709,12.89412784576416
2024-07-30,7.391052722930908,2.0,6.27342414855957,7.61252498626709,12.89412784576416
2024-07-31,7.2724785804748535,2.0399999618530273,6.448904037475586,7.7026143074035645,12.632761001586914
2024-08-01,7.232954502105713,2.0399999618530273,6.448904037475586,7.7026143074035645,12.719882011413574
2024-08-02,6.916759967803955,2.0399999618530273,6.448904037475586,7.7026143074035645,12.719882011413574
2024-08-05,6.4029436111450195,1.8300000429153442,6.317294120788574,7.117034912109375,12.022902488708496
2024-08-06,6.640089511871338,1.7699999809265137,6.229554176330566,7.252168655395508,12.197147369384766
2024-08-07,6.916759967803955,1.850000023841858,6.317294120788574,7.477391719818115,12.545636177062988
2024-08-08,6.916759967803955,1.850000023841858,6.317294120788574,7.477391719818115,12.545636177062988
2024-08-09,7.153906345367432,1.8799999952316284,6.40503454208374,8.108015060424805,13.06837272644043
2024-08-13,7.746771812438965,1.7999999523162842,6.40503454208374,7.837747097015381,13.416861534118652
2024-08-14,7.70724630355835,1.7799999713897705,6.492774486541748,7.657569885253906,13.329739570617676
2024-08-15,7.70724630355835,1.7999999523162842,6.492774486541748,7.657569885253906,13.329739570617676
2024-08-16,8.142014503479004,1.7799999713897705,6.492774486541748,7.522436141967773,13.416861534118652
2024-08-19,8.142014503479004,1.7799999713897705,6.492774486541748,7.522436141967773,13.416861534118652
2024-08-20,8.062965393066406,1.7799999713897705,6.361164093017578,7.387301921844482,13.416861534118652
2024-08-21,8.08747673034668,1.75,6.361164093017578,7.117034912109375,13.336841583251953
2024-08-22,8.08747673034668,1.75,6.361164093017578,7.117034912109375,13.336841583251953
2024-08-23,7.881162643432617,1.7799999713897705,6.361164093017578,7.071990489959717,13.336841583251953
2024-08-26,7.922425746917725,1.7999999523162842,6.141813278198242,6.711634159088135,13.425753593444824
2024-08-27,7.922425746917725,1.840000033378601,6.229554176330566,6.9819016456604,13.603577613830566
2024-08-28,7.757374286651611,1.8200000524520874,6.229554176330566,6.936856746673584,13.603577613830566
2024-08-29,7.83989953994751,1.7799999713897705,6.229554176330566,6.801723957061768,13.781401634216309
2024-08-30,7.881162643432617,1.7799999713897705,6.229554176330566,6.846767902374268,13.95922565460205
2024-09-02,7.881162643432617,1.7799999713897705,6.229554176330566,6.846767902374268,13.95922565460205
2024-09-03,7.881162643432617,1.7799999713897705,6.229554176330566,6.846767902374268,13.95922565460205
2024-09-04,7.881162643432617,1.7799999713897705,6.229554176330566,6.846767902374268,13.95922565460205
2024-09-05,7.468535900115967,1.7999999523162842,6.27342414855957,6.846767902374268,13.692489624023438
2024-09-06,7.468535900115967,1.7999999523162842,6.492774486541748,6.711634159088135,13.603577613830566
2024-09-09,7.468535900115967,1.7999999523162842,6.492774486541748,6.711634159088135,13.603577613830566
2024-09-10,7.551061153411865,1.809999942779541,6.536644458770752,6.891812324523926,13.603577613830566
2024-09-11,7.386010646820068,1.7699999809265137,6.492774486541748,6.846767902374268,13.425753593444824
2024-09-12,7.344748497009277,1.7799999713897705,6.492774486541748,6.936856746673584,13.514665603637695
2024-09-13,7.344748497009277,1.7799999713897705,6.317294120788574,6.891812324523926,13.425753593444824
2024-09-16,7.344748497009277,1.7799999713897705,6.317294120788574,6.891812324523926,13.425753593444824
2024-09-17,7.344748497009277,1.7799999713897705,6.317294120788574,6.891812324523926,13.425753593444824
2024-09-18,7.344748497009277,1.7799999713897705,6.317294120788574,6.891812324523926,13.425753593444824
2024-09-19,7.344748497009277,1.7799999713897705,6.317294120788574,6.891812324523926,13.425753593444824
2024-09-20,7.344748497009277,1.7799999713897705,6.317294120788574,6.891812324523926,13.336841583251953
2024-09-23,7.262223720550537,1.7699999809265137,6.27342414855957,7.162079811096191,13.159016609191895
2024-09-24,7.262223720550537,1.7799999713897705,6.27342414855957,7.20712423324585,13.247928619384766
2024-09-25,7.509799003601074,1.840000033378601,6.185683727264404,7.477391719818115,13.159016609191895
2024-09-26,7.427273750305176,1.7699999809265137,6.185683727264404,7.432346820831299,13.070104598999023
2024-09-27,7.427273750305176,1.7699999809265137,6.185683727264404,7.432346820831299,13.070104598999023
2024-09-30,7.427273750305176,1.7599999904632568,6.185683727264404,7.162079811096191,12.981192588806152
2024-10-01,7.427273750305176,1.7899999618530273,6.185683727264404,7.162079811096191,12.981192588806152
2024-10-02,7.468535900115967,1.7699999809265137,6.185683727264404,7.297213554382324,13.247928619384766
2024-10-03,7.509799003601074,1.7699999809265137,6.185683727264404,7.252168655395508,13.336841583251953
2024-10-04,7.509799003601074,1.7699999809265137,6.185683727264404,7.252168655395508,13.336841583251953
2024-10-07,7.427273750305176,1.7400000095367432,6.141813278198242,7.026946067810059,13.070104598999023
2024-10-08,7.716111183166504,1.7599999904632568,6.141813278198242,7.20712423324585,13.070104598999023
2024-10-09,7.633586883544922,1.7300000190734863,6.141813278198242,7.252168655395508,13.070104598999023
2024-10-10,7.5923237800598145,1.75,6.141813278198242,7.20712423324585,13.247928619384766
2024-10-11,7.5923237800598145,1.75,6.141813278198242,7.20712423324585,13.247928619384766
2024-10-15,7.179698467254639,1.7200000286102295,6.097943305969238,7.026946067810059,13.247928619384766
2024-10-16,7.179698467254639,1.7200000286102295,6.097943305969238,7.026946067810059,13.247928619384766
2024-10-17,7.179698467254639,1.7300000190734863,6.097943305969238,7.026946067810059,13.247928619384766
2024-10-18,7.386010646820068,1.6799999475479126,6.141813278198242,7.162079811096191,13.159016609191895
2024-10-21,7.509799003601074,1.690000057220459,6.097943305969238,7.252168655395508,13.159016609191895
2024-10-22,7.509799003601074,1.690000057220459,6.097943305969238,7.252168655395508,13.159016609191895
2024-10-24,7.633586883544922,1.6799999475479126,6.054073333740234,7.342257499694824,13.425753593444824
2024-10-25,7.633586883544922,1.6799999475479126,6.054073333740234,7.342257499694824,13.425753593444824
2024-10-28,7.633586883544922,1.6799999475479126,6.054073333740234,7.477391719818115,13.425753593444824
2024-10-29,7.633586883544922,1.6799999475479126,6.054073333740234,7.477391719818115,13.425753593444824
2024-10-30,7.551061153411865,1.6799999475479126,6.097943305969238,7.20712423324585,13.425753593444824
2024-10-31,7.551061153411865,1.7000000476837158,6.054073333740234,7.387301921844482,13.425753593444824
2024-11-01,7.633586883544922,1.7000000476837158,6.054073333740234,7.522436141967773,13.425753593444824
2024-11-04,7.344748497009277,1.7300000190734863,6.054073333740234,7.297213554382324,13.336841583251953
2024-11-05,7.427273750305176,1.7000000476837158,6.097943305969238,7.252168655395508,13.603577613830566
2024-11-06,7.427273750305176,1.6699999570846558,6.054073333740234,7.117034912109375,13.603577613830566
2024-11-07,7.344748497009277,1.659999966621399,6.097943305969238,6.9819016456604,13.070104598999023
2024-11-08,7.262223720550537,1.6799999475479126,6.097943305969238,7.026946067810059,13.070104598999023
2024-11-11,7.303485870361328,1.6699999570846558,6.141813278198242,6.846767902374268,12.803366661071777
2024-11-12,7.344748497009277,1.6399999856948853,6.097943305969238,6.756678581237793,12.625542640686035
2024-11-13,7.262223720550537,1.6299999952316284,6.141813278198242,6.756678581237793,12.53663158416748
2024-11-14,7.386010646820068,1.6100000143051147,6.141813278198242,6.846767902374268,12.53663158416748
2024-11-15,7.303485870361328,1.5399999618530273,6.097943305969238,6.801723957061768,12.358806610107422
2024-11-18,7.303485870361328,1.4500000476837158,5.966333389282227,6.57650089263916,12.092069625854492
2024-11-19,7.262223720550537,1.4800000190734863,5.966333389282227,6.57650089263916,12.26989459991455
2024-11-20,7.22096061706543,1.4600000381469727,5.9224629402160645,6.531455993652344,12.003156661987305
2024-11-21,7.179698467254639,1.4199999570846558,5.966333389282227,6.4864115715026855,12.26989459991455
2024-11-22,7.179698467254639,1.399999976158142,6.097943305969238,6.306233882904053,12.180981636047363
2024-11-25,7.138435363769531,1.2999999523162842,6.097943305969238,6.306233882904053,12.180981636047363
2024-11-26,7.179698467254639,1.2400000095367432,5.9224629402160645,6.126055717468262,12.26989459991455
2024-11-27,7.055910587310791,1.2200000286102295,5.9224629402160645,6.17110013961792,12.003156661987305
2024-11-28,7.014647483825684,1.25,6.097943305969238,6.261188983917236,12.003156661987305
2024-11-29,6.932122230529785,1.2400000095367432,6.097943305969238,6.261188983917236,12.180981636047363
2024-12-02,6.932122230529785,1.2200000286102295,5.966333389282227,6.216144561767578,12.180981636047363
2024-12-03,6.973384857177734,1.2300000190734863,5.966333389282227,6.261188983917236,12.092069625854492
2024-12-04,7.014647483825684,1.2300000190734863,6.097943305969238,6.531455993652344,11.914243698120117
2024-12-06,6.973384857177734,1.2400000095367432,6.0102033615112305,6.621545314788818,12.003156661987305
2024-12-09,6.932122230529785,1.2699999809265137,6.097943305969238,6.396322250366211,11.914243698120117
2024-12-11,6.973384857177734,1.2699999809265137,6.0102033615112305,6.396322250366211,12.003156661987305
2024-12-12,7.014647483825684,1.25,6.054073333740234,6.351278305053711,11.647507667541504
2024-12-13,6.932122230529785,1.2400000095367432,6.054073333740234,6.306233882904053,11.469682693481445
2024-12-16,6.890859603881836,1.2200000286102295,6.054073333740234,6.306233882904053,11.558594703674316
2024-12-17,6.725808620452881,1.190000057220459,5.966333389282227,6.0810112953186035,10.936210632324219
2024-12-18,6.76707124710083,1.190000057220459,5.615372180938721,6.17110013961792,10.936210632324219
2024-12-19,6.519495964050293,1.1799999475479126,5.746983051300049,6.216144561767578,11.114034652709961
2024-12-20,6.436971187591553,1.159999966621399,5.703113079071045,6.17110013961792,10.847296714782715
2024-12-23,6.560758113861084,1.159999966621399,5.703113079071045,6.17110013961792,10.847296714782715
2024-12-24,6.560758113861084,1.1799999475479126,5.703113079071045,6.035966396331787,10.936210632324219
2024-12-25,6.725808620452881,1.1799999475479126,5.703113079071045,6.306233882904053,11.380770683288574
2024-12-26,6.643283843994141,1.1699999570846558,5.746983051300049,6.261188983917236,11.469682693481445
2024-12-27,6.602020740509033,1.1699999570846558,5.703113079071045,6.126055717468262,11.558594703674316
2024-12-30,6.643283843994141,1.1699999570846558,5.790853023529053,6.17110013961792,11.558594703674316
2025-01-02,6.643283843994141,1.1799999475479126,5.703113079071045,6.216144561767578,11.380770683288574
2025-01-03,6.560758113861084,1.1799999475479126,5.659242630004883,6.306233882904053,11.380770683288574
2025-01-06,6.643283843994141,1.1699999570846558,5.790853023529053,6.306233882904053,11.025121688842773
2025-01-07,6.602020740509033,1.1799999475479126,5.659242630004883,6.306233882904053,11.025121688842773
2025-01-08,6.519495964050293,1.1699999570846558,5.703113079071045,6.261188983917236,11.202946662902832
2025-01-09,6.395708084106445,1.149999976158142,5.659242630004883,6.126055717468262,10.847296714782715
2025-01-10,6.478233337402344,1.149999976158142,6.141813278198242,6.0810112953186035,11.025121688842773
2025-01-13,6.354445457458496,1.149999976158142,5.703113079071045,6.0810112953186035,11.025121688842773
2025-01-14,6.395708084106445,1.1200000047683716,5.746983051300049,5.945877552032471,11.469682693481445
2025-01-15,6.2719197273254395,1.1399999856948853,5.9224629402160645,6.035966396331787,11.558594703674316
2025-01-16,6.313182353973389,1.1100000143051147,5.703113079071045,5.76569938659668,11.114034652709961
2025-01-17,6.354445457458496,1.1100000143051147,5.703113079071045,5.76569938659668,11.025121688842773
2025-01-20,6.313182353973389,1.090000033378601,5.703113079071045,5.810743808746338,10.669472694396973
2025-01-21,6.395708084106445,1.090000033378601,5.703113079071045,5.7206549644470215,10.75838565826416
2025-01-22,6.395708084106445,1.090000033378601,5.703113079071045,5.810743808746338,10.75838565826416
2025-01-23,6.395708084106445,1.090000033378601,5.703113079071045,5.810743808746338,10.047087669372559
2025-01-24,6.478233337402344,1.090000033378601,5.615372180938721,5.7206549644470215,10.313823699951172
2025-01-27,6.478233337402344,1.0800000429153442,5.834722995758057,5.585521221160889,10.313823699951172
2025-01-28,6.478233337402344,1.0700000524520874,5.790853023529053,5.585521221160889,10.669472694396973
2025-01-29,6.519495964050293,1.0700000524520874,5.790853023529053,5.450387954711914,10.669472694396973
2025-01-30,6.519495964050293,1.0800000429153442,5.659242630004883,5.585521221160889,10.669472694396973
2025-01-31,6.436971187591553,1.0700000524520874,5.746983051300049,5.5404767990112305,10.669472694396973
2025-02-03,6.354445457458496,1.0,5.703113079071045,5.450387954711914,10.491647720336914
2025-02-04,6.189394474029541,0.9900000095367432,5.703113079071045,5.585521221160889,10.313823699951172
2025-02-05,6.106869220733643,0.9700000286102295,5.659242630004883,5.405343055725098,10.491647720336914
2025-02-06,5.694243431091309,0.9700000286102295,5.703113079071045,5.3602986335754395,10.313823699951172
2025-02-07,5.776768207550049,0.9700000286102295,5.703113079071045,5.3602986335754395,10.402735710144043
2025-02-10,5.694243431091309,0.949999988079071,5.659242630004883,5.3602986335754395,10.2249116897583
2025-02-11,5.694243431091309,0.9599999785423279,5.659242630004883,5.450387954711914,10.2249116897583
2025-02-13,5.652980804443359,0.9399999976158142,5.703113079071045,5.495431900024414,10.2249116897583
2025-02-14,5.735506057739258,0.9399999976158142,5.703113079071045,5.405343055725098,10.313823699951172
2025-02-17,6.148131847381592,0.9599999785423279,5.527632236480713,5.450387954711914,10.580560684204102
2025-02-18,6.230657577514648,0.9599999785423279,5.527632236480713,5.585521221160889,10.669472694396973
2025-02-19,6.395708084106445,1.090000033378601,5.615372180938721,5.630565643310547,10.669472694396973
2025-02-20,6.478233337402344,1.0299999713897705,5.571502208709717,5.630565643310547,10.402735710144043
2025-02-21,6.560758113861084,1.0399999618530273,5.703113079071045,5.630565643310547,10.402735710144043
2025-02-24,6.478233337402344,1.059999942779541,5.571502208709717,5.630565643310547,10.669472694396973
2025-02-25,6.230657577514648,1.090000033378601,5.571502208709717,5.3602986335754395,10.313823699951172
2025-02-26,6.354445457458496,1.1100000143051147,5.571502208709717,5.585521221160889,10.402735710144043
2025-02-27,6.354445457458496,1.1100000143051147,5.264411926269531,5.585521221160889,10.313823699951172
2025-02-28,6.189394474029541,1.100000023841858,5.264411926269531,5.810743808746338,10.451340675354004
2025-03-03,6.2719197273254395,1.090000033378601,5.220541477203369,5.76569938659668,10.451340675354004
2025-03-04,6.2719197273254395,1.0800000429153442,5.220541477203369,5.76569938659668,10.451340675354004
2025-03-05,6.436971187591553,1.1200000047683716,5.176671981811523,5.76569938659668,10.54301929473877
2025-03-06,6.478233337402344,1.1100000143051147,5.176671981811523,5.810743808746338,10.359663963317871
2025-03-07,6.725808620452881,1.1299999952316284,5.176671981811523,5.810743808746338,10.54301929473877
2025-03-10,6.602020740509033,1.1100000143051147,5.088931083679199,5.630565643310547,10.359663963317871
2025-03-11,6.68454647064209,1.100000023841858,5.001190662384033,5.7206549644470215,10.451340675354004
2025-03-12,6.602020740509033,1.090000033378601,4.9573211669921875,5.585521221160889,10.54301929473877
2025-03-13,6.643283843994141,1.1200000047683716,4.913450717926025,5.7206549644470215,10.54301929473877
2025-03-14,6.602020740509033,1.1100000143051147,4.913450717926025,5.7206549644470215,10.451340675354004
2025-03-17,6.76707124710083,1.1100000143051147,4.825710773468018,5.7206549644470215,10.451340675354004
2025-03-18,6.76707124710083,1.0800000429153442,5.045061111450195,5.7206549644470215,10.451340675354004
2025-03-19,6.808333873748779,1.1100000143051147,4.8695807456970215,5.76569938659668,10.359663963317871
2025-03-20,6.725808620452881,1.090000033378601,4.9573211669921875,5.7206549644470215,10.359663963317871
2025-03-21,6.643283843994141,1.100000023841858,5.001190662384033,5.630565643310547,10.451340675354004
2025-03-24,6.643283843994141,1.1100000143051147,4.913450717926025,5.7206549644470215,10.451340675354004
2025-03-25,6.725808620452881,1.1299999952316284,4.913450717926025,5.76569938659668,10.359663963317871
2025-03-26,6.76707124710083,1.1100000143051147,4.913450717926025,5.7206549644470215,10.359663963317871
2025-03-27,6.68454647064209,1.100000023841858,4.8695807456970215,5.630565643310547,10.359663963317871
2025-03-28,6.602020740509033,1.1100000143051147,4.8695807456970215,5.405343055725098,10.267985343933105
2025-03-31,6.560758113861084,1.0700000524520874,4.825710773468018,5.450387954711914,9.992948532104492
2025-04-01,6.436971187591553,1.059999942779541,4.913450717926025,5.450387954711914,9.992948532104492
2025-04-02,6.2719197273254395,1.0199999809265137,4.913450717926025,5.405343055725098,10.17630672454834
2025-04-03,5.859293460845947,1.0099999904632568,4.913450717926025,5.3602986335754395,9.809592247009277
2025-04-04,5.9005560874938965,0.9900000095367432,4.913450717926025,5.3602986335754395,9.626235008239746
2025-04-08,5.4879302978515625,0.8999999761581421,4.518620014190674,4.999942302703857,9.626235008239746
2025-04-09,5.5291924476623535,0.9300000071525574,4.694100379943848,5.315254211425781,9.626235008239746
2025-04-10,6.065606594085693,0.949999988079071,4.694100379943848,5.135075569152832,10.267985343933105
2025-04-11,5.941818714141846,0.949999988079071,4.694100379943848,5.225165367126465,9.90127182006836
2025-04-16,6.106869220733643,0.949999988079071,4.73797082901001,5.270209312438965,9.809592247009277
2025-04-17,5.983081340789795,0.9700000286102295,5.176671981811523,5.225165367126465,9.90127182006836
2025-04-18,6.189394474029541,1.0,5.132801532745361,5.270209312438965,10.084628105163574
2025-04-21,6.106869220733643,1.0,5.001190662384033,5.225165367126465,9.992948532104492
2025-04-22,6.148131847381592,1.0099999904632568,5.001190662384033,5.315254211425781,9.992948532104492
2025-04-23,6.148131847381592,1.0099999904632568,5.088931083679199,5.3602986335754395,9.809592247009277
2025-04-24,6.2719197273254395,1.0199999809265137,5.001190662384033,5.3602986335754395,9.809592247009277
2025-04-25,6.436971187591553,1.0199999809265137,5.001190662384033,5.405343055725098,9.809592247009277
2025-04-28,6.395708084106445,1.0499999523162842,5.045061111450195,5.405343055725098,9.90127182006836
2025-04-29,6.2719197273254395,1.0299999713897705,5.045061111450195,5.270209312438965,9.90127182006836
2025-04-30,6.354445457458496,1.0199999809265137,5.076169967651367,5.315254211425781,9.90127182006836
2025-05-02,6.519495964050293,1.0700000524520874,5.076169967651367,5.4101691246032715,9.809592247009277
2025-05-06,6.35099458694458,1.0399999618530273,5.029600143432617,5.3627119064331055,9.351200103759766
2025-05-07,6.439819812774658,1.059999942779541,5.029600143432617,5.457626819610596,9.351200103759766
2025-05-08,6.395406723022461,1.0700000524520874,5.029600143432617,5.3627119064331055,9.259521484375
2025-05-09,6.395406723022461,1.059999942779541,5.029600143432617,5.3627119064331055,9.53455638885498
2025-05-13,6.35099458694458,1.0499999523162842,4.983029365539551,5.3627119064331055,9.442878723144531
2025-05-14,6.35099458694458,1.0399999618530273,4.936459541320801,5.220338821411133,9.442878723144531
2025-05-15,6.35099458694458,1.0299999713897705,4.983029365539551,5.315254211425781,9.259521484375
2025-05-16,6.306581974029541,1.0299999713897705,5.68158483505249,5.172881126403809,9.259521484375
2025-05-19,6.26216983795166,1.0099999904632568,5.122740745544434,5.125423908233643,9.259521484375
2025-05-20,6.306581974029541,1.0,5.076169967651367,5.172881126403809,9.167842864990234
2025-05-21,6.26216983795166,1.0,5.122740745544434,5.125423908233643,9.167842864990234
2025-05-22,6.26216983795166,0.9700000286102295,5.076169967651367,5.07796573638916,9.167842864990234
2025-05-23,6.26216983795166,0.9800000190734863,5.076169967651367,5.030508518218994,9.167842864990234
2025-05-26,6.217756748199463,0.9700000286102295,5.122740745544434,4.98305082321167,9.167842864990234
2025-05-27,6.217756748199463,0.9599999785423279,5.076169967651367,5.030508518218994,9.167842864990234
2025-05-28,6.217756748199463,0.949999988079071,5.076169967651367,5.030508518218994,9.167842864990234
2025-05-29,6.439819812774658,0.9399999976158142,5.076169967651367,5.125423908233643,9.259521484375
2025-05-30,6.217756748199463,0.9399999976158142,5.262451648712158,5.030508518218994,9.167842864990234
2025-06-04,6.217756748199463,0.8700000047683716,5.262451648712158,5.030508518218994,9.167842864990234
2025-06-05,6.217756748199463,0.8899999856948853,5.169311046600342,5.07796573638916,9.167842864990234
2025-06-06,6.217756748199463,0.8799999952316284,5.169311046600342,5.220338821411133,9.167842864990234
2025-06-09,6.173344612121582,0.8700000047683716,5.122740745544434,5.125423908233643,9.259521484375
2025-06-10,6.128931522369385,0.8700000047683716,5.122740745544434,5.030508518218994,9.259521484375
2025-06-11,6.128931522369385,0.8399999737739563,5.076169967651367,4.8881354331970215,9.167842864990234
2025-06-12,5.995693683624268,0.8500000238418579,5.076169967651367,5.07796573638916,9.167842864990234
2025-06-13,5.951281547546387,0.8399999737739563,5.029600143432617,5.07796573638916,9.167842864990234
2025-06-16,5.906868934631348,0.8299999833106995,5.122740745544434,5.07796573638916,9.167842864990234
2025-06-17,6.040107250213623,0.8299999833106995,5.169311046600342,5.125423908233643,9.167842864990234
2025-06-18,5.951281547546387,0.7900000214576721,5.076169967651367,5.220338821411133,8.709450721740723
2025-06-19,5.951281547546387,0.7799999713897705,4.889888763427734,5.172881126403809,8.342737197875977
2025-06-20,5.995693683624268,0.7900000214576721,4.889888763427734,5.220338821411133,8.205219268798828
2025-06-23,5.906868934631348,0.7699999809265137,5.402163028717041,5.030508518218994,8.205219268798828
2025-06-24,5.995693683624268,0.7799999713897705,5.402163028717041,5.125423908233643,8.755290031433105
2025-06-25,6.040107250213623,0.7799999713897705,5.076169967651367,5.125423908233643,9.076164245605469
2025-06-26,6.040107250213623,0.7900000214576721,5.169311046600342,4.840677738189697,9.351200103759766
2025-06-27,6.084518909454346,0.7900000214576721,5.169311046600342,4.935593128204346,9.167842864990234
2025-06-30,6.128931522369385,0.7799999713897705,5.21588134765625,4.98305082321167,9.442878723144531
2025-07-01,6.173344612121582,0.7900000214576721,5.122740745544434,4.98305082321167,9.167842864990234
2025-07-02,6.306581974029541,0.7799999713897705,5.169311046600342,4.98305082321167,9.351200103759766
2025-07-03,6.35099458694458,0.7900000214576721,5.169311046600342,5.030508518218994,9.53455638885498
2025-07-04,6.26216983795166,0.8600000143051147,5.169311046600342,4.935593128204346,9.122003555297852
2025-07-07,6.128931522369385,0.8399999737739563,5.122740745544434,4.98305082321167,9.076164245605469
2025-07-08,6.040107250213623,0.8299999833106995,5.076169967651367,4.8881354331970215,8.984487533569336
2025-07-09,6.040107250213623,0.8199999928474426,5.076169967651367,4.840677738189697,8.892807960510254
2025-07-11,6.040107250213623,0.8199999928474426,5.076169967651367,4.8881354331970215,8.892807960510254
2025-07-14,6.128931522369385,0.8199999928474426,5.076169967651367,4.935593128204346,9.259521484375
2025-07-15,6.217756748199463,0.8500000238418579,5.076169967651367,4.8881354331970215,9.351200103759766
2025-07-16,6.173344612121582,0.8500000238418579,5.076169967651367,4.8881354331970215,9.259521484375
2025-07-17,6.306581974029541,0.8600000143051147,5.076169967651367,4.840677738189697,9.717914581298828
2025-07-18,6.26216983795166,0.8700000047683716,5.122740745544434,4.8881354331970215,9.90127182006836
2025-07-21,6.306581974029541,1.0099999904632568,5.029600143432617,4.935593128204346,9.626235008239746
2025-07-22,6.217756748199463,0.949999988079071,5.076169967651367,4.935593128204346,9.351200103759766
2025-07-23,6.26216983795166,0.949999988079071,5.076169967651367,5.030508518218994,9.626235008239746
2025-07-24,6.173344612121582,0.949999988079071,5.076169967651367,4.935593128204346,9.442878723144531
2025-07-25,6.217756748199463,0.949999988079071,5.076169967651367,4.98305082321167,9.53455638885498
2025-07-29,6.395406723022461,1.0199999809265137,5.122740745544434,5.030508518218994,9.809592247009277
2025-07-30,6.617469787597656,1.0399999618530273,5.076169967651367,5.172881126403809,10.359663963317871
2025-07-31,6.439819812774658,1.0199999809265137,5.076169967651367,5.125423908233643,10.17630672454834
2025-08-01,6.617469787597656,1.0,5.076169967651367,5.172881126403809,10.818055152893066
2025-08-04,6.573057174682617,0.9800000190734863,5.076169967651367,5.172881126403809,10.54301929473877
2025-08-05,6.661882400512695,0.9800000190734863,5.122740745544434,5.267796516418457,11.368124961853027
2025-08-06,6.706295013427734,1.0,5.076169967651367,5.315254211425781,11.368124961853027
2025-08-07,6.706295013427734,1.0,5.122740745544434,5.315254211425781,11.643160820007324
2025-08-08,6.706295013427734,0.9900000095367432,5.076169967651367,5.3627119064331055,11.45980453491211
2025-08-13,6.573057174682617,0.9900000095367432,5.309021949768066,4.840677738189697,11.551483154296875
2025-08-14,6.706295013427734,0.9700000286102295,5.21588134765625,4.8881354331970215,11.643160820007324
2025-08-15,6.7951202392578125,0.949999988079071,5.076169967651367,4.935593128204346,11.596022605895996
2025-08-18,6.750707149505615,0.949999988079071,5.122740745544434,4.935593128204346,11.407469749450684
2025-08-19,6.7951202392578125,0.9700000286102295,5.076169967651367,4.8881354331970215,11.690299034118652
2025-08-20,6.839532375335693,0.9599999785423279,5.21588134765625,4.935593128204346,11.50174617767334
2025-08-21,6.883944988250732,0.9900000095367432,5.076169967651367,4.8881354331970215,11.596022605895996
2025-08-22,6.839532375335693,1.0,5.076169967651367,4.840677738189697,11.690299034118652
2025-08-25,6.883944988250732,1.0,5.262451648712158,4.840677738189697,11.690299034118652
2025-08-26,6.768135070800781,0.9800000190734863,5.122740745544434,4.98305082321167,11.690299034118652
2025-08-27,6.721134185791016,0.9800000190734863,5.122740745544434,5.030508518218994,11.407469749450684
2025-08-28,6.674132823944092,0.9800000190734863,5.122740745544434,4.935593128204346,11.50174617767334
2025-08-29,6.721134185791016,0.9800000190734863,5.076169967651367,4.98305082321167,11.596022605895996
2025-09-01,6.674132823944092,0.9300000071525574,5.076169967651367,4.98305082321167,11.596022605895996
2025-09-02,6.815135955810547,0.9100000262260437,5.122740745544434,4.8881354331970215,11.690299034118652
2025-09-03,6.721134185791016,0.9200000166893005,5.122740745544434,4.935593128204346,11.690299034118652
2025-09-04,6.674132823944092,0.949999988079071,5.029600143432617,4.98305082321167,11.973128318786621
2025-09-05,6.721134185791016,0.949999988079071,5.029600143432617,4.98305082321167,11.784576416015625
2025-09-08,6.768135070800781,0.949999988079071,5.029600143432617,4.8881354331970215,11.973128318786621
2025-09-09,6.815135955810547,0.9700000286102295,5.029600143432617,4.935593128204346,11.878852844238281
2025-09-10,6.768135070800781,0.9599999785423279,5.029600143432617,4.8881354331970215,11.878852844238281
2025-09-11,6.815135955810547,0.9800000190734863,5.029600143432617,4.8881354331970215,11.878852844238281
2025-09-12,6.956138610839844,0.9700000286102295,5.076169967651367,4.935593128204346,11.784576416015625
2025-09-15,6.956138610839844,0.9599999785423279,5.029600143432617,4.935593128204346,11.784576416015625
2025-09-16,7.050140380859375,1.0700000524520874,5.029600143432617,4.935593128204346,11.784576416015625
2025-09-17,6.956138610839844,1.059999942779541,5.076169967651367,4.98305082321167,11.690299034118652
2025-09-18,6.815135955810547,1.0399999618530273,5.029600143432617,4.935593128204346,11.596022605895996
2025-09-19,6.768135070800781,1.0299999713897705,5.076169967651367,4.935593128204346,11.50174617767334
2025-09-22,6.768135070800781,1.0099999904632568,4.983029365539551,4.8881354331970215,11.50174617767334
2025-09-23,6.721134185791016,1.0399999618530273,4.983029365539551,4.8881354331970215,11.407469749450684
2025-09-24,6.768135070800781,1.0399999618530273,4.983029365539551,4.840677738189697,11.313192367553711
2025-09-25,6.815135955810547,1.100000023841858,5.029600143432617,4.840677738189697,11.784576416015625
2025-09-26,6.909137725830078,1.0499999523162842,4.983029365539551,4.840677738189697,11.878852844238281
2025-09-29,6.956138610839844,1.0399999618530273,5.029600143432617,4.935593128204346,12.161681175231934
2025-09-30,6.862137317657471,1.0299999713897705,4.983029365539551,5.07796573638916,12.067405700683594
2025-10-01,6.862137317657471,1.0399999618530273,4.936459541320801,4.935593128204346,11.973128318786621
2025-10-02,6.909137725830078,1.0299999713897705,4.843318462371826,4.793220520019531,11.784576416015625
2025-10-03,6.909137725830078,0.9900000095367432,4.889888763427734,4.8881354331970215,11.690299034118652
2025-10-06,6.815135955810547,1.0,4.889888763427734,4.8881354331970215,11.690299034118652
2025-10-07,6.815135955810547,1.0,4.889888763427734,4.8881354331970215,11.690299034118652
2025-10-08,6.956138610839844,0.9900000095367432,4.936459541320801,4.8881354331970215,11.784576416015625
2025-10-09,7.050140380859375,0.9800000190734863,4.936459541320801,4.8881354331970215,11.973128318786621
2025-10-10,6.956138610839844,0.9599999785423279,4.936459541320801,4.793220520019531,11.973128318786621
2025-10-14,7.003139495849609,0.949999988079071,4.889888763427734,4.745762825012207,12.444511413574219
2025-10-15,7.050140380859375,0.949999988079071,4.889888763427734,4.8881354331970215,12.350235939025879
2025-10-16,7.097141742706299,0.9599999785423279,4.936459541320801,4.840677738189697,12.350235939025879
2025-10-17,7.1441426277160645,0.9399999976158142,4.889888763427734,4.840677738189697,12.538788795471191
2025-10-20,6.909137725830078,0.9200000166893005,4.889888763427734,4.8881354331970215,12.255958557128906
2025-10-21,6.909137725830078,0.9200000166893005,4.843318462371826,4.840677738189697,11.878852844238281
2025-10-22,6.956138610839844,0.9399999976158142,4.889888763427734,4.8881354331970215,12.067405700683594
2025-10-24,6.862137317657471,0.9200000166893005,4.889888763427734,4.793220520019531,12.161681175231934
2025-10-27,6.956138610839844,0.9300000071525574,4.889888763427734,4.840677738189697,12.350235939025879
2025-10-28,6.909137725830078,0.8899999856948853,4.889888763427734,4.8881354331970215,12.350235939025879
2025-10-29,6.862137317657471,0.8899999856948853,4.796748161315918,4.793220520019531,12.161681175231934
2025-10-30,6.909137725830078,0.8500000238418579,4.889888763427734,4.840677738189697,11.973128318786621
2025-10-31,6.862137317657471,0.7900000214576721,4.843318462371826,4.840677738189697,12.350235939025879
2025-11-03,6.909137725830078,0.800000011920929,4.796748161315918,4.793220520019531,12.255958557128906
2025-11-04,6.862137317657471,0.800000011920929,4.843318462371826,4.793220520019531,12.633065223693848
2025-11-05,6.862137317657471,0.800000011920929,4.843318462371826,4.840677738189697,12.915895462036133
2025-11-06,6.862137317657471,0.7900000214576721,4.750177383422852,4.840677738189697,12.915895462036133
2025-11-07,6.815135955810547,0.7900000214576721,4.843318462371826,4.793220520019531,12.727341651916504
2025-11-10,6.862137317657471,0.8100000023841858,4.843318462371826,4.840677738189697,12.727341651916504
2025-11-11,6.815135955810547,0.8299999833106995,4.796748161315918,4.840677738189697,13.198725700378418
2025-11-12,6.909137725830078,0.8100000023841858,4.796748161315918,4.793220520019531,13.104448318481445
2025-11-13,6.815135955810547,0.8399999737739563,4.843318462371826,4.793220520019531,13.104448318481445
2025-11-14,6.768135070800781,0.8399999737739563,4.796748161315918,4.793220520019531,13.010171890258789
2025-11-17,6.815135955810547,0.800000011920929,4.843318462371826,4.840677738189697,13.010171890258789
2025-11-18,6.815135955810547,0.8199999928474426,4.843318462371826,4.840677738189697,12.727341651916504
2025-11-19,6.815135955810547,0.800000011920929,4.843318462371826,4.745762825012207,12.727341651916504
2025-11-20,6.815135955810547,0.8299999833106995,4.796748161315918,4.840677738189697,12.821619033813477
2025-11-21,6.768135070800781,0.8399999737739563,4.796748161315918,4.745762825012207,12.821619033813477
2025-11-24,6.768135070800781,0.8299999833106995,4.703607559204102,4.793220520019531,12.727341651916504
2025-11-25,6.768135070800781,0.8100000023841858,4.703607559204102,4.745762825012207,12.444511413574219
2025-11-26,6.815135955810547,0.8100000023841858,4.703607559204102,4.726779460906982,11.973128318786621
2025-11-27,6.815135955810547,0.8100000023841858,4.703607559204102,4.793220520019531,11.973128318786621
2025-11-28,6.815135955810547,0.8100000023841858,4.703607559204102,4.726779460906982,12.255958557128906
2025-12-01,6.815135955810547,0.8199999928474426,4.657036781311035,4.745762825012207,12.161681175231934
2025-12-02,6.721134185791016,0.8299999833106995,4.638408660888672,4.707796573638916,11.973128318786621
2025-12-03,6.768135070800781,0.800000011920929,4.657036781311035,4.745762825012207,11.973128318786621
2025-12-04,6.815135955810547,0.8100000023841858,4.657036781311035,4.726779460906982,12.067405700683594
2025-12-08,6.768135070800781,0.800000011920929,4.638408660888672,4.745762825012207,11.878852844238281
2025-12-09,6.721134185791016,0.8100000023841858,4.638408660888672,4.793220520019531,11.973128318786621
2025-12-11,6.674132823944092,0.7900000214576721,4.657036781311035,4.793220520019531,11.690299034118652
2025-12-12,6.674132823944092,0.8100000023841858,4.750177383422852,4.793220520019531,11.690299034118652
2025-12-15,6.674132823944092,0.7900000214576721,4.657036781311035,4.793220520019531,11.878852844238281
2025-12-16,6.721134185791016,0.7400000095367432,4.657036781311035,4.745762825012207,11.973128318786621
2025-12-17,6.721134185791016,0.75,4.703607559204102,4.793220520019531,11.784576416015625
2025-12-18,6.721134185791016,0.7200000286102295,4.657036781311035,4.793220520019531,11.784576416015625
2025-12-19,6.721134185791016,0.7200000286102295,4.657036781311035,4.726779460906982,12.067405700683594
2025-12-22,6.768135070800781,0.7300000190734863,4.657036781311035,4.793220520019531,11.973128318786621
2025-12-23,6.768135070800781,0.7200000286102295,4.657036781311035,4.745762825012207,12.067405700683594
2025-12-24,6.721134185791016,0.7300000190734863,4.657036781311035,4.745762825012207,11.973128318786621
2025-12-25,6.768135070800781,0.7200000286102295,4.703607559204102,4.793220520019531,12.067405700683594
2025-12-26,6.815135955810547,0.7200000286102295,4.703607559204102,4.793220520019531,12.067405700683594
2025-12-29,6.815135955810547,0.7099999785423279,4.657036781311035,4.745762825012207,11.878852844238281
2025-12-30,6.768135070800781,0.7099999785423279,4.657036781311035,4.726779460906982,12.067405700683594
2026-01-05,6.768135070800781,0.7099999785423279,4.638408660888672,4.745762825012207,12.161681175231934
2026-01-06,6.768135070800781,0.699999988079071,4.638408660888672,4.745762825012207,12.161681175231934
2026-01-07,6.815135955810547,0.6899999976158142,4.638408660888672,4.726779460906982,12.538788795471191
2026-01-08,6.768135070800781,0.6800000071525574,4.657036781311035,4.726779460906982,12.633065223693848
2026-01-09,6.862137317657471,0.6800000071525574,4.638408660888672,4.745762825012207,12.067405700683594
2026-01-12,6.815135955810547,0.6700000166893005,4.703607559204102,4.726779460906982,11.973128318786621
2026-01-13,6.815135955810547,0.6600000262260437,4.563896179199219,4.745762825012207,11.50174617767334
2026-01-14,6.862137317657471,0.6700000166893005,4.619780540466309,4.707796573638916,11.784576416015625
2026-01-15,6.862137317657471,0.6700000166893005,4.638408660888672,4.726779460906982,11.878852844238281
2026-01-16,6.862137317657471,0.6700000166893005,4.638408660888672,4.707796573638916,11.878852844238281
2026-01-19,7.003139495849609,0.6700000166893005,4.638408660888672,4.68881368637085,11.878852844238281
2026-01-20,7.1441426277160645,0.6899999976158142,4.657036781311035,4.726779460906982,11.407469749450684
2026-01-21,7.050140380859375,0.699999988079071,4.638408660888672,4.68881368637085,11.50174617767334
2026-01-22,7.003139495849609,0.6800000071525574,4.619780540466309,4.726779460906982,11.50174617767334
2026-01-23,6.909137725830078,0.6899999976158142,4.638408660888672,4.707796573638916,11.407469749450684
2026-01-26,6.862137317657471,0.699999988079071,4.657036781311035,4.707796573638916,11.218915939331055
2026-01-27,7.003139495849609,0.699999988079071,4.638408660888672,4.68881368637085,11.218915939331055
2026-01-28,7.003139495849609,0.699999988079071,4.619780540466309,4.68881368637085,11.313192367553711
2026-01-29,6.956138610839844,0.7200000286102295,4.601152420043945,4.68881368637085,11.218915939331055
2026-01-30,7.003139495849609,0.699999988079071,4.601152420043945,4.669830322265625,11.124639511108398
2026-02-02,6.956138610839844,0.699999988079071,4.582524299621582,4.726779460906982,10.841809272766113
2026-02-03,7.003139495849609,0.699999988079071,4.601152420043945,4.745762825012207,11.030362129211426
2026-02-04,7.003139495849609,0.6700000166893005,4.582524299621582,4.793220520019531,11.124639511108398
2026-02-05,7.050140380859375,0.6899999976158142,4.563896179199219,4.793220520019531,11.407469749450684
2026-02-06,7.050140380859375,0.6800000071525574,4.563896179199219,4.745762825012207,11.407469749450684
2026-02-09,7.050140380859375,0.699999988079071,4.582524299621582,4.840677738189697,11.407469749450684
2026-02-10,7.050140380859375,0.7099999785423279,4.601152420043945,4.8881354331970215,11.313192367553711
2026-02-11,7.097141742706299,0.699999988079071,4.582524299621582,4.793220520019531,11.218915939331055
2026-02-12,7.1441426277160645,0.7099999785423279,4.619780540466309,4.840677738189697,11.313192367553711
2026-02-13,7.1441426277160645,0.7200000286102295,4.582524299621582,4.8881354331970215,11.313192367553711
2026-02-16,7.379147052764893,0.7400000095367432,4.619780540466309,4.840677738189697,11.313192367553711
2026-02-17,7.379147052764893,0.7699999809265137,4.619780540466309,4.935593128204346,11.596022605895996
2026-02-18,7.661152362823486,0.800000011920929,4.657036781311035,5.030508518218994,11.690299034118652
2026-02-19,7.614152431488037,0.8600000143051147,4.657036781311035,5.030508518218994,11.973128318786621
2026-02-20,7.285145282745361,0.8199999928474426,4.619780540466309,4.98305082321167,11.596022605895996
2026-02-23,7.19114351272583,0.7699999809265137,4.619780540466309,4.935593128204346,11.784576416015625
2026-02-24,7.19114351272583,0.7799999713897705,4.582524299621582,5.07796573638916,11.596022605895996
2026-02-25,7.238144397735596,0.8199999928474426,4.601152420043945,5.07796573638916,11.596022605895996
2026-02-26,7.285145282745361,0.800000011920929,4.796748161315918,5.030508518218994,11.690299034118652
2026-02-27,7.1441426277160645,0.7799999713897705,4.750177383422852,5.07796573638916,11.690299034118652
2026-03-02,7.003139495849609,0.6899999976158142,4.638408660888672,5.125423908233643,11.253731727600098
2026-03-04,6.815135955810547,0.6700000166893005,4.638408660888672,4.793220520019531,10.671642303466797
2026-03-05,6.910027027130127,0.6800000071525574,4.657036781311035,5.030508518218994,10.477612495422363
2026-03-06,6.861364841461182,0.699999988079071,4.703607559204102,5.125423908233643,10.574626922607422
2026-03-09,6.715378284454346,0.6800000071525574,4.703607559204102,5.07796573638916,10.671642303466797
2026-03-10,6.861364841461182,0.699999988079071,4.703607559204102,5.172881126403809,10.86567211151123
2026-03-11,6.958689212799072,0.699999988079071,4.703607559204102,5.220338821411133,10.671642303466797
2026-03-12,6.910027027130127,0.7099999785423279,4.703607559204102,5.220338821411133,10.574626922607422
2026-03-13,6.812702655792236,0.7099999785423279,4.657036781311035,5.125423908233643,10.574626922607422
2026-03-16,6.861364841461182,0.7900000214576721,4.657036781311035,5.220338821411133,10.477612495422363
2026-03-17,6.910027027130127,0.9100000262260437,4.703607559204102,5.220338821411133,10.671642303466797
2026-03-18,6.958689212799072,0.8700000047683716,4.703607559204102,5.220338821411133,10.768657684326172
2026-03-19,6.764040470123291,0.949999988079071,4.703607559204102,5.220338821411133,10.477612495422363
2026-03-20,6.861364841461182,0.9300000071525574,4.703607559204102,5.315254211425781,10.671642303466797
2026-03-23,6.812702655792236,0.9399999976158142,4.703607559204102,5.220338821411133,10.477612495422363
2026-03-24,6.764040470123291,0.8999999761581421,4.703607559204102,5.125423908233643,10.28358268737793
2026-03-25,6.764040470123291,0.8799999952316284,4.750177383422852,5.172881126403809,10.671642303466797
2026-03-26,6.715378284454346,0.9300000071525574,4.703607559204102,5.172881126403809,10.574626922607422
2026-03-27,6.861364841461182,0.9200000166893005,4.750177383422852,5.125423908233643,10.768657684326172
2026-03-30,6.910027027130127,0.949999988079071,4.750177383422852,5.220338821411133,10.86567211151123
2026-03-31,6.812702655792236,0.9399999976158142,4.796748161315918,5.267796516418457,10.86567211151123
2026-04-01,6.812702655792236,0.9300000071525574,4.843318462371826,5.172881126403809,10.962687492370605
2026-04-02,6.861364841461182,0.9200000166893005,4.889888763427734,5.220338821411133,10.962687492370605
2026-04-03,6.861364841461182,0.8999999761581421,4.936459541320801,5.220338821411133,10.962687492370605
2026-04-07,6.861364841461182,0.8999999761581421,5.029600143432617,5.267796516418457,11.156716346740723
2026-04-08,6.910027027130127,0.9200000166893005,4.983029365539551,5.172881126403809,11.059700965881348
2026-04-09,6.812702655792236,0.8799999952316284,4.936459541320801,5.220338821411133,11.059700965881348
2026-04-10,6.861364841461182,0.8899999856948853,4.983029365539551,5.267796516418457,11.059700965881348
2026-04-16,6.861364841461182,0.8999999761581421,4.843318462371826,5.267796516418457,11.059700965881348
2026-04-17,6.861364841461182,0.8799999952316284,4.983029365539551,5.220338821411133,11.059700965881348
2026-04-20,6.812702655792236,0.8899999856948853,4.983029365539551,5.220338821411133,11.156716346740723
2026-04-21,6.812702655792236,0.8799999952316284,5.029600143432617,5.172881126403809,11.156716346740723
2026-04-22,6.812702655792236,0.8500000238418579,4.983029365539551,5.172881126403809,11.059700965881348
2026-04-23,6.764040470123291,0.8299999833106995,4.983029365539551,5.172881126403809,10.962687492370605
2026-04-24,6.812702655792236,0.8399999737739563,4.983029365539551,5.125423908233643,10.86567211151123
2026-04-27,6.812702655792236,0.8199999928474426,4.936459541320801,5.220338821411133,10.86567211151123
2026-04-28,6.812702655792236,0.800000011920929,4.983029365539551,5.267796516418457,10.671642303466797
2026-04-29,6.958689212799072,0.7699999809265137,5.076169967651367,5.267796516418457,11.156716346740723
2026-04-30,6.958689212799072,0.8299999833106995,5.029600143432617,5.315254211425781,11.156716346740723
2026-05-01,6.958689212799072,0.8299999833106995,5.029600143432617,5.315254211425781,11.156716346740723
2026-05-04,6.958689212799072,0.8299999833106995,5.029600143432617,5.315254211425781,11.156716346740723
2026-05-05,6.861364841461182,0.8399999737739563,5.0,5.4101691246032715,11.253731727600098
2026-05-06,6.812702655792236,0.8199999928474426,5.099999904632568,5.599999904632568,11.447761535644531
2026-05-07,6.861364841461182,0.8199999928474426,5.150000095367432,5.699999809265137,11.447761535644531
2026-05-08,6.861364841461182,0.8299999833106995,5.199999809265137,5.699999809265137,11.253731727600098
2026-05-11,6.764040470123291,0.8600000143051147,5.199999809265137,5.650000095367432,11.059700965881348
2026-05-12,6.764040470123291,0.8600000143051147,5.199999809265137,5.550000190734863,11.059700965881348
2026-05-13,6.812702655792236,0.8399999737739563,5.199999809265137,5.599999904632568,11.156716346740723
2026-05-14,6.715378284454346,0.8999999761581421,5.099999904632568,5.599999904632568,11.253731727600098
2026-05-15,6.715378284454346,0.8700000047683716,5.050000190734863,5.550000190734863,11.156716346740723
2026-05-18,6.764040470123291,0.8899999856948853,5.099999904632568,5.599999904632568,10.962687492370605
2026-05-19,6.764040470123291,0.8999999761581421,5.199999809265137,5.599999904632568,11.059700965881348
2026-05-20,6.715378284454346,0.8799999952316284,5.199999809265137,5.699999809265137,10.86567211151123
2026-05-21,6.764040470123291,0.8799999952316284,5.099999904632568,5.650000095367432,10.86567211151123
2026-05-22,6.764040470123291,0.8700000047683716,5.150000095367432,5.75,10.962687492370605
2026-05-25,6.812702655792236,0.8999999761581421,5.150000095367432,5.75,11.059700965881348
2026-05-26,6.764040470123291,0.8999999761581421,5.150000095367432,5.75,10.962687492370605
2026-05-27,6.812702655792236,0.9300000071525574,5.099999904632568,5.650000095367432,10.86567211151123
2026-05-28,6.764040470123291,0.9900000095367432,5.099999904632568,5.699999809265137,10.768657684326172
2026-05-29,6.764040470123291,1.0,5.099999904632568,5.599999904632568,10.86567211151123
2026-06-01,6.764040470123291,1.0,5.099999904632568,5.599999904632568,10.86567211151123
2026-06-02,6.764040470123291,0.9900000095367432,4.980000019073486,5.699999809265137,10.86567211151123
2026-06-03,6.764040470123291,0.9900000095367432,4.980000019073486,5.699999809265137,10.86567211151123
2026-06-04,6.812702655792236,0.9800000190734863,4.980000019073486,5.699999809265137,10.962687492370605
2026-06-05,6.812702655792236,0.9800000190734863,5.0,5.599999904632568,11.059700965881348
2026-06-08,6.812702655792236,1.0,5.0,5.650000095367432,10.962687492370605
2026-06-09,6.764040470123291,1.0,5.0,5.650000095367432,10.86567211151123
2026-06-10,6.812702655792236,0.949999988079071,4.980000019073486,5.699999809265137,10.768657684326172
2026-06-11,6.764040470123291,0.9599999785423279,5.0,5.699999809265137,10.768657684326172
2026-06-12,6.764040470123291,0.949999988079071,5.0,5.699999809265137,11.059700965881348
2026-06-15,6.764040470123291,0.9599999785423279,5.050000190734863,5.699999809265137,11.059700965881348
2026-06-16,6.764040470123291,0.9800000190734863,5.0,5.75,10.962687492370605
2026-06-17,6.812702655792236,1.0,5.0,5.75,11.156716346740723
2026-06-18,6.861364841461182,1.0700000524520874,5.050000190734863,5.800000190734863,11.156716346740723
2026-06-19,6.861364841461182,1.059999942779541,5.050000190734863,5.849999904632568,10.962687492370605
2026-06-22,6.812702655792236,1.059999942779541,5.0,5.900000095367432,10.962687492370605
2026-06-23,6.812702655792236,1.0399999618530273,5.050000190734863,5.849999904632568,11.059700965881348
2026-06-24,7.007350921630859,1.090000033378601,5.050000190734863,5.949999809265137,11.253731727600098
2026-06-25,6.958689212799072,1.0700000524520874,5.050000190734863,6.050000190734863,11.253731727600098
2026-06-26,6.958689212799072,1.059999942779541,5.0,6.099999904632568,11.253731727600098
2026-06-29,7.056013584136963,1.0700000524520874,5.050000190734863,6.150000095367432,11.253731727600098
2026-06-30,7.007350921630859,1.0499999523162842,5.050000190734863,6.349999904632568,11.350746154785156
2026-07-01,7.056013584136963,1.0399999618530273,5.050000190734863,6.300000190734863,11.156716346740723
2026-07-02,7.104675769805908,1.0299999713897705,5.050000190734863,6.349999904632568,11.447761535644531
2026-07-03,7.104675769805908,1.0399999618530273,5.050000190734863,6.449999809265137,11.447761535644531
2026-07-06,7.104675769805908,1.0399999618530273,5.050000190734863,6.75,11.641791343688965
2026-07-07,7.104675769805908,1.059999942779541,5.050000190734863,6.699999809265137,11.641791343688965
2026-07-08,6.958689212799072,1.0399999618530273,5.050000190734863,6.599999904632568,11.350746154785156
2026-07-09,7.056013584136963,1.0800000429153442,5.050000190734863,6.650000095367432,11.447761535644531
2026-07-10,7.056013584136963,1.0700000524520874,5.050000190734863,6.699999809265137,11.447761535644531
2026-07-13,7.056013584136963,1.059999942779541,5.099999904632568,6.650000095367432,11.54477596282959
2026-07-14,7.104675769805908,1.059999942779541,5.050000190734863,6.699999809265137,11.447761535644531
2026-07-15,7.056013584136963,1.0700000524520874,5.099999904632568,6.650000095367432,11.447761535644531
2026-07-16,7.056013584136963,1.059999942779541,5.099999904632568,6.650000095367432,11.54477596282959
2026-07-17,7.104675769805908,1.0499999523162842,5.099999904632568,6.650000095367432,11.54477596282959
2026-07-20,7.104675769805908,1.0499999523162842,5.099999904632568,6.699999809265137,11.54477596282959
2026-07-21,7.153337478637695,1.0800000429153442,5.099999904632568,6.699999809265137,11.54477596282959
2026-07-22,7.347986698150635,1.059999942779541,5.099999904632568,6.550000190734863,11.54477596282959
2026-07-23,7.299324035644531,1.2300000190734863,5.099999904632568,6.699999809265137,11.932836532592773
2026-07-24,7.250661849975586,1.2000000476837158,5.099999904632568,6.75,12.029850959777832
2026-07-27,7.250661849975586,1.2400000095367432,5.150000095367432,6.699999809265137,11.835821151733398
2026-07-28,7.250661849975586,1.2400000095367432,5.150000095367432,6.699999809265137,11.835821151733398
2026-07-29,7.250661849975586,1.2400000095367432,5.150000095367432,6.699999809265137,11.835821151733398
2026-07-30,7.250661849975586,1.2699999809265137,5.150000095367432,6.599999904632568,11.932836532592773
2026-07-31,7.299324035644531,1.2599999904632568,5.150000095367432,6.599999904632568,11.835821151733398
2026-08-03,7.445311069488525,1.2200000286102295,5.150000095367432,6.75,12.4179105758667
2026-08-04,7.4939727783203125,1.3200000524520874,5.199999809265137,6.800000190734863,12.805970191955566
2026-08-05,7.396648406982422,1.4600000381469727,5.150000095367432,6.849999904632568,12.805970191955566
2026-08-06,7.445311069488525,1.409999966621399,5.199999809265137,6.900000095367432,12.805970191955566
2026-08-07,7.396648406982422,1.399999976158142,5.150000095367432,7.0,12.902985572814941
2026-08-10,7.104675769805908,1.409999966621399,5.199999809265137,7.599999904632568,13.0
2026-08-11,7.104675769805908,1.409999966621399,5.150000095367432,7.699999809265137,12.902985572814941
2026-08-12,7.104675769805908,1.409999966621399,5.150000095367432,7.699999809265137,12.902985572814941
2026-08-13,7.153337478637695,1.4199999570846558,5.099999904632568,7.699999809265137,13.0
2026-08-14,7.202000141143799,1.4299999475479126,5.099999904632568,7.849999904632568,12.699999809265137
2026-08-17,7.202000141143799,1.4199999570846558,5.0,7.900000095367432,13.100000381469727
2026-08-18,7.250661849975586,1.4199999570846558,5.099999904632568,7.900000095367432,13.199999809265137
2026-08-19,7.202000141143799,1.5,5.0,7.900000095367432,13.0
2026-08-20,7.300000190734863,1.9600000381469727,5.099999904632568,7.949999809265137,13.199999809265137
2026-08-21,7.25,1.9299999475479126,5.099999904632568,8.0,13.0
2026-08-24,7.25,1.9500000476837158,5.050000190734863,8.050000190734863,13.0
2026-08-25,7.25,1.850000023841858,5.050000190734863,8.100000381469727,12.899999618530273
2026-08-26,7.199999809265137,1.8700000047683716,5.050000190734863,8.199999809265137,13.0
2026-08-27,7.25,1.850000023841858,5.099999904632568,8.199999809265137,13.100000381469727
2026-08-28,7.300000190734863,1.840000033378601,5.050000190734863,8.25,12.899999618530273
2026-08-31,7.300000190734863,1.909999966621399,5.050000190734863,8.25,12.600000381469727
2026-09-01,7.25,1.8600000143051147,5.0,8.149999618530273,12.699999809265137
2026-09-02,7.150000095367432,1.7699999809265137,5.0,8.25,12.899999618530273
2026-09-03,7.150000095367432,1.690000057220459,5.050000190734863,8.25,13.199999809265137
2026-09-04,7.099999904632568,1.7100000381469727,5.050000190734863,8.25,13.100000381469727
2026-09-07,7.199999809265137,1.7200000286102295,5.0,8.199999809265137,13.199999809265137
